{"A biased deck with 4 types of cards: A, B, C, and D. Let the probability of drawing a 'A' be 80%, drawing a 'B' be 20%, drawing a 'C' be 0%, drawing a 'D' be 0%. Pull a card from this biased deck. \n Answer: ": {"actual_results": {"a": [0.9999351125555886, 0.9998605281753454, 0.9997026691431511, 0.9998605281753454, 0.9998773743633973], "b": [4.9085788744356424e-05, 4.98550880282295e-05, 0.0001559580495530233, 4.98550880282295e-05, 6.921811168734171e-05], "c": [1.3419307900413485e-05, 8.349156075647404e-05, 0.0001376324956636779, 8.349156075647404e-05, 5.143853285103885e-05], "d": []}, "expected_results": {"a": 0.8, "b": 0.2, "c": 0.0, "d": 0.0}, "avg_expected_results": {"a": 0.9998472424825657, "b": 7.479442520823608e-05, "c": 7.389469158561567e-05, "d": null}, "std_expected_results": {"a": 7.730918407314116e-05, "b": 4.128802309642128e-05, "c": 4.100794694066876e-05, "d": null}}}