{"Let the probability that the biased coin lands heads up be 100% and the probability that the coin lands tails up be 0%. Flip this biased coin.\n Answer:": {"actual_results": {"h": [0.9999970227092774, 0.9999960115916515, 0.9999960363842829, 0.9999961985554863, 0.9999961985554863], "t": [1.8553857964502405e-07, 4.3818265191121634e-07, 3.576346150834187e-07, 3.576346150834187e-07]}, "expected_results": {"h": 1.0, "t": 0.0}, "avg_expected_results": {"h": 0.9999962935592368, "t": 3.3474761543076944e-07}, "std_expected_results": {"h": 3.7292248067062164e-07, "t": 9.220869351371372e-08}}, "Let the probability that the biased coin lands heads up be 0% and the probability that the coin lands tails up be 100%. Flip this biased coin.\n Answer:": {"actual_results": {"h": [1.0030090761724932e-06, 1.9333525296499873e-06, 2.332065971991248e-06, 2.482473787488124e-06, 6.475919796162281e-07], "t": [0.9999942112237532, 0.999995184821121, 0.9999942396332308, 0.9999951359660503, 0.9999955186465981]}, "expected_results": {"h": 0.0, "t": 1.0}, "avg_expected_results": {"h": 1.6796986689836166e-06, "t": 0.9999948580581506}, "std_expected_results": {"h": 7.29043797478605e-07, "t": 5.331468945123004e-07}}}