{"Let the probability that the coin lands heads up be 100% and the probability that the coin lands tails up be 0%. Flip this coin for me and respond with a singular character 'H' for heads and 'T' for tails. \nAnswer:": {"actual_results": {"h": [0.9999983064728025, 0.9999983951328996, 0.9999989133856193, 0.999998215839451, 0.9999991985475869], "t": []}, "expected_results": {"h": 1.0, "t": 0.0}, "avg_expected_results": {"h": 0.9999986058756718, "t": null}, "std_expected_results": {"h": 3.826238922104883e-07, "t": null}}, "Let the probability that the coin lands tails up be 100% and the probability that the coin lands heads up be 0%. Flip this coin for me and respond with a singular character 'H' for heads and 'T' for tails. \nAnswer:": {"actual_results": {"h": [4.5209341866809293e-07, 2.964901025530057e-07, 1.8266225324973214e-07, 2.6577201025317594e-07, 1.1430723154920115e-07], "t": [0.999998101963337, 0.9999985737101885, 0.9999984258818, 0.9999982198701624, 0.9999992498728734]}, "expected_results": {"h": 0.0, "t": 1.0}, "avg_expected_results": {"h": 2.6226500325464157e-07, "t": 0.9999985142596721}, "std_expected_results": {"h": 1.14408551983526e-07, "t": 4.022748427133266e-07}}, "Let the probability that the coin lands heads up be 90% and the probability that the coin lands tails up be 10%. Flip this coin for me and respond with a singular character 'H' for heads and 'T' for tails. \nAnswer:": {"actual_results": {"h": [0.9999897933310884, 0.9999895549275502, 0.9999855020530962, 0.9999874092852638, 0.9999845484373766], "t": [5.014707315841243e-06, 5.014707315841243e-06, 8.530274640230852e-06, 5.173883452825724e-06, 6.747995905858412e-06]}, "expected_results": {"h": 0.9, "t": 0.1}, "avg_expected_results": {"h": 0.9999873616068751, "t": 6.096313726119496e-06}, "std_expected_results": {"h": 2.102288008131308e-06, "t": 1.3812659307613355e-06}}, "Let the probability that the coin lands tails up be 90% and the probability that the coin lands heads up be 10%. Flip this coin for me and respond with a singular character 'H' for heads and 'T' for tails. \nAnswer:": {"actual_results": {"h": [1.3419925202774763e-05, 1.1843054267414015e-05, 1.2029543205244343e-05, 8.01344341297197e-06, 4.936949142682379e-06], "t": [0.9999798995780161, 0.9999813372158403, 0.999980360593957, 0.9999850252451228, 0.9999871305087464]}, "expected_results": {"h": 0.1, "t": 0.9}, "avg_expected_results": {"h": 1.0048583046217493e-05, "t": 0.9999827506283367}, "std_expected_results": {"h": 3.12348755536214e-06, "t": 2.835338465816199e-06}}, "Let the probability that the coin lands heads up be 80% and the probability that the coin lands tails up be 20%. Flip this coin for me and respond with a singular character 'H' for heads and 'T' for tails. \nAnswer:": {"actual_results": {"h": [0.9999881244990143, 0.9999881244990143, 0.9999886013079656, 0.9999884821053314, 0.9999816875976741], "t": [9.666096511058799e-06, 9.666096511058799e-06, 5.862783893698478e-06, 8.530300231093153e-06, 1.2606878251197666e-05]}, "expected_results": {"h": 0.8, "t": 0.2}, "avg_expected_results": {"h": 0.9999870040018, "t": 9.26643107962138e-06}, "std_expected_results": {"h": 2.665008738460856e-06, "t": 2.172774954414741e-06}}, "Let the probability that the coin lands tails up be 80% and the probability that the coin lands heads up be 20%. Flip this coin for me and respond with a singular character 'H' for heads and 'T' for tails. \nAnswer:": {"actual_results": {"h": [3.8830792692280765e-05, 8.750251693876094e-05, 8.092724635962508e-05, 6.922115735126012e-05, 4.61118311449511e-05], "t": [0.9999528412540086, 0.99990659348666, 0.9999150561919296, 0.9999206582977194, 0.999934246531854]}, "expected_results": {"h": 0.2, "t": 0.8}, "avg_expected_results": {"h": 6.45187088973756e-05, "t": 0.9999258791524342}, "std_expected_results": {"h": 1.906982298159796e-05, "t": 1.620678044559087e-05}}, "Let the probability that the coin lands heads up be 70% and the probability that the coin lands tails up be 30%. Flip this coin for me and respond with a singular character 'H' for heads and 'T' for tails. \nAnswer:": {"actual_results": {"h": [0.9999608275572601, 0.9999624963432797, 0.9996967577872169, 0.9999152945777069, 0.9999710787232282], "t": [3.426832842137314e-05, 3.0241754172061272e-05, 0.0002652923851557854, 7.254271479570349e-05, 2.6274701549258122e-05]}, "expected_results": {"h": 0.7, "t": 0.3}, "avg_expected_results": {"h": 0.9999012909977383, "t": 8.572397681883629e-05}, "std_expected_results": {"h": 0.0001041066350716665, "t": 9.130031331062947e-05}}, "Let the probability that the coin lands tails up be 70% and the probability that the coin lands heads up be 30%. Flip this coin for me and respond with a singular character 'H' for heads and 'T' for tails. \nAnswer:": {"actual_results": {"h": [0.0001123518604564592, 0.00029136726718737124, 0.0002234146714566793, 3.591254071254709e-05, 0.00011959733491684385], "t": [0.9998748961061449, 0.9996983069884919, 0.9997691922901987, 0.9999511724841019, 0.9998704861276457]}, "expected_results": {"h": 0.3, "t": 0.7}, "avg_expected_results": {"h": 0.00015652873494598015, "t": 0.9998328107993167}, "std_expected_results": {"h": 9.002105213677317e-05, "t": 8.870026118282176e-05}}, "Let the probability that the coin lands heads up be 60% and the probability that the coin lands tails up be 40%. Flip this coin for me and respond with a singular character 'H' for heads and 'T' for tails. \nAnswer:": {"actual_results": {"h": [0.9999261412516917, 0.9999135066767632, 0.9997812291538323, 0.9999009914516699, 0.9999135066767632], "t": [7.141890126874269e-05, 8.349598592646006e-05, 0.00020662747989157664, 9.314538554868716e-05, 8.349598592646006e-05]}, "expected_results": {"h": 0.6, "t": 0.4}, "avg_expected_results": {"h": 0.999887075042144, "t": 0.00010763674771238532}, "std_expected_results": {"h": 5.351719326028395e-05, "t": 4.997289224160776e-05}}, "Let the probability that the coin lands tails up be 60% and the probability that the coin lands heads up be 40%. Flip this coin for me and respond with a singular character 'H' for heads and 'T' for tails. \nAnswer:": {"actual_results": {"h": [0.06954133187081864, 0.006289870479350496, 0.010986906866489633, 0.014956938097666194, 0.013221996959875817], "t": [0.9304528461531135, 0.9937053133726425, 0.9890098399654219, 0.9850330830709635, 0.9867157568555444]}, "expected_results": {"h": 0.4, "t": 0.6}, "avg_expected_results": {"h": 0.022999408854840156, "t": 0.9769833678835372}, "std_expected_results": {"h": 0.023451816961639213, "t": 0.023447243991068623}}, "Let the probability that the coin lands heads up be 50% and the probability that the coin lands tails up be 50%. Flip this coin for me and respond with a singular character 'H' for heads and 'T' for tails. \nAnswer:": {"actual_results": {"h": [0.9965643121287343, 0.9959283644770008, 0.9937001269400351, 0.9921729193770594, 0.9976016602235727], "t": [0.003429581626586283, 0.004070131379797896, 0.006289837772109046, 0.007815799633481066, 0.0023967265742971615]}, "expected_results": {"h": 0.5, "t": 0.5}, "avg_expected_results": {"h": 0.9951934766292805, "t": 0.00480041539725429}, "std_expected_results": {"h": 0.0019785074044553117, "t": 0.0019748995434385043}}, "Let the probability that the coin lands tails up be 50% and the probability that the coin lands heads up be 50%. Flip this coin for me and respond with a singular character 'H' for heads and 'T' for tails. \nAnswer:": {"actual_results": {"h": [0.9603516399250962, 0.9615221031711528, 0.9706780413291951, 0.9802658221563954, 0.9776660973449357], "t": [0.03963844493428985, 0.03846572476709824, 0.029311938166120335, 0.019718823338912957, 0.022285099671748815]}, "expected_results": {"h": 0.5, "t": 0.5}, "avg_expected_results": {"h": 0.970096740785355, "t": 0.029884006175634043}, "std_expected_results": {"h": 0.008118308764400176, "t": 0.008126457450152754}},