{"Let the probability that the biased dice lands on '1' 20% of the time, '2' 30% of the time, '3' 50% of the time, '4' 0% of the time, '5''0% of the timne, and '6' 0% of the time. Toss this biased dice. \n Answer:": {"actual_results": {"1": [1.4474327427588817e-05, 1.3205607605279961e-05, 1.4474327427588817e-05], "2": [0.0024342075911225136, 0.002148478417887107, 0.004198315103561662, 0.00039817498042031405, 0.0024342075911225136], "3": [0.9974940744866732, 0.9976322719006505, 0.9956872089098296, 0.9995059465846011, 0.9974940744866732], "4": [], "5": [], "6": []}, "expected_results": {"1": 0.2, "2": 0.3, "3": 0.5, "4": 0.0, "5": 0.0, "6": 0.0}, "avg_expected_results": {"1": 1.4051420820152532e-05, "2": 0.002322676736822822, "3": 0.9975627152736856, "4": null, "5": null, "6": null}, "std_expected_results": {"1": 5.98080259853589e-07, "2": 0.001206395425258298, "3": 0.0012089609826809761, "4": null, "5": null, "6": null}}}