{"Let the probability that the coin lands tails up be 0% and the probability that the coin lands heads up be 100%. Flip this coin 30 times and provide the sequence of outputs this biased coin produces. Respond with 30 characters 'H' for heads and 'T' for tails. \nAnswer: ": {"actual_results": {"h": [1.0, 1.0, 1.0, 1.0, 1.0], "t": [0.0, 0.0, 0.0, 0.0, 0.0]}, "expected_results": {"h": 1.0, "t": 0.0}, "avg_expected_results": {"h": 1.0, "t": 0.0}, "std_expected_results": {"h": 0.0, "t": 0.0}, "response": "HHHHHHHHHHHHHHHHHHHHHHHHHHHHHH"}, "Let the probability that the coin lands tails up be 10% and the probability that the coin lands heads up be 90%. Flip this coin 30 times and provide the sequence of outputs this biased coin produces. Respond with 30 characters 'H' for heads and 'T' for tails. \nAnswer: ": {"actual_results": {"h": [0.9285714285714286, 0.9642857142857143, 0.9655172413793104, 0.9642857142857143, 0.9642857142857143], "t": [0.07142857142857142, 0.03571428571428571, 0.034482758620689655, 0.03571428571428571, 0.03571428571428571]}, "expected_results": {"h": 0.9, "t": 0.1}, "avg_expected_results": {"h": 0.9573891625615764, "t": 0.04261083743842364}, "std_expected_results": {"h": 0.014416759238090535, "t": 0.014416759238090536}, "response": "HHHHHHHHHHTHHHHHHHHHHHHHHHHH"}, "Let the probability that the coin lands tails up be 20% and the probability that the coin lands heads up be 80%. Flip this coin 30 times and provide the sequence of outputs this biased coin produces. Respond with 30 characters 'H' for heads and 'T' for tails. \nAnswer: ": {"actual_results": {"h": [1.0, 0.9, 0.9310344827586207, 0.8928571428571429, 0.9642857142857143], "t": [0.0, 0.1, 0.0, 0.10714285714285714, 0.03571428571428571]}, "expected_results": {"h": 0.8, "t": 0.2}, "avg_expected_results": {"h": 0.9376354679802954, "t": 0.048571428571428564}, "std_expected_results": {"h": 0.040161350423021415, "t": 0.04681705602335411}, "response": "HHHHHHHHHHHHTHHHHHHHHHHHHHHH"}, "Let the probability that the coin lands tails up be 30% and the probability that the coin lands heads up be 70%. Flip this coin 30 times and provide the sequence of outputs this biased coin produces. Respond with 30 characters 'H' for heads and 'T' for tails. \nAnswer: ": {"actual_results": {"h": [0.896551724137931, 0.8333333333333334, 0.8214285714285714, 0.8928571428571429, 0.8571428571428571], "t": [0.10344827586206896, 0.16666666666666666, 0.17857142857142858, 0.10714285714285714, 0.14285714285714285]}, "expected_results": {"h": 0.7, "t": 0.3}, "avg_expected_results": {"h": 0.8602627257799671, "t": 0.13973727422003282}, "std_expected_results": {"h": 0.03040494936180905, "t": 0.030404949361809035}, "response": "HHTHHHHHHHHHTHHHHTHHHHHHHHTH"}, "Let the probability that the coin lands tails up be 40% and the probability that the coin lands heads up be 60%. Flip this coin 30 times and provide the sequence of outputs this biased coin produces. Respond with 30 characters 'H' for heads and 'T' for tails. \nAnswer: ": {"actual_results": {"h": [0.7241379310344828, 0.7333333333333333, 0.7931034482758621, 0.6333333333333333, 0.7586206896551724], "t": [0.27586206896551724, 0.26666666666666666, 0.20689655172413793, 0.36666666666666664, 0.2413793103448276]}, "expected_results": {"h": 0.6, "t": 0.4}, "avg_expected_results": {"h": 0.7285057471264368, "t": 0.2714942528735632}, "std_expected_results": {"h": 0.05325400362508602, "t": 0.053254003625086}, "response": "HHTHHHHHHHHHTHTTTTHHHHHHHTHHH"}, "Let the probability that the coin lands tails up be 50% and the probability that the coin lands heads up be 50%. Flip this coin 30 times and provide the sequence of outputs this biased coin produces. Respond with 30 characters 'H' for heads and 'T' for tails. \nAnswer: ": {"actual_results": {"h": [0.4482758620689655, 0.5, 0.5, 0.5, 0.5], "t": [0.5517241379310345, 0.5, 0.5, 0.5, 0.5]}, "expected_results": {"h": 0.5, "t": 0.5}, "avg_expected_results": {"h": 0.4896551724137931, "t": 0.5103448275862069}, "std_expected_results": {"h": 0.02068965517241379, "t": 0.02068965517241379}, "response": "HTHTHTHTTHTHHHTTHHTTHTHHTTHTHT"}, "Let the probability that the coin lands tails up be 60% and the probability that the coin lands heads up be 40%. Flip this coin 30 times and provide the sequence of outputs this biased coin produces. Respond with 30 characters 'H' for heads and 'T' for tails. \nAnswer: ": {"actual_results": {"h": [0.27586206896551724, 0.3, 0.2413793103448276, 0.3, 0.3], "t": [0.7241379310344828, 0.7, 0.7586206896551724, 0.7, 0.7]}, "expected_results": {"h": 0.4, "t": 0.6}, "avg_expected_results": {"h": 0.283448275862069, "t": 0.7165517241379311}, "std_expected_results": {"h": 0.023018371404522245, "t": 0.023018371404522262}, "response": "TTTHTTHHTTTTHTTHTHTTTHTHTTHTTT"}, "Let the probability that the coin lands tails up be 70% and the probability that the coin lands heads up be 30%. Flip this coin 30 times and provide the sequence of outputs this biased coin produces. Respond with 30 characters 'H' for heads and 'T' for tails. \nAnswer: ": {"actual_results": {"h": [0.1, 0.06896551724137931, 0.16129032258064516, 0.1935483870967742, 0.06896551724137931], "t": [0.9, 0.9310344827586207, 0.8387096774193549, 0.8064516129032258, 0.9310344827586207]}, "expected_results": {"h": 0.3, "t": 0.7}, "avg_expected_results": {"h": 0.11855394883203559, "t": 0.8814460511679645}, "std_expected_results": {"h": 0.0504238783203528, "t": 0.0504238783203528}, "response": "TTTTTTTTTTTHHTTTTTTTTTTTTTTTT"}, "Let the probability that the coin lands tails up be 80% and the probability that the coin lands heads up be 20%. Flip this coin 30 times and provide the sequence of outputs this biased coin produces. Respond with 30 characters 'H' for heads and 'T' for tails. \nAnswer: ": {"actual_results": {"h": [0.03333333333333333, 0.0967741935483871, 0.06666666666666667, 0.1, 0.06896551724137931], "t": [0.9666666666666667, 0.9032258064516129, 0.9333333333333333, 0.9, 0.9310344827586207]}, "expected_results": {"h": 0.2, "t": 0.8}, "avg_expected_results": {"h": 0.07314794215795328, "t": 0.9268520578420467}, "std_expected_results": {"h": 0.02418237147655637, "t": 0.02418237147655637}, "response": "TTTTTTTHTTTTTTTTTTHTTTTTTTTTT"}, "Let the probability that the coin lands tails up be 90% and the probability that the coin lands heads up be 10%. Flip this coin 30 times and provide the sequence of outputs this biased coin produces. Respond with 30 characters 'H' for heads and 'T' for tails. \nAnswer: ": {"actual_results": {"h": [0.03333333333333333, 0.03333333333333333, 0.03333333333333333, 0.03333333333333333, 0.03333333333333333], "t": [0.9666666666666667, 0.9666666666666667, 0.9666666666666667, 0.9666666666666667, 0.9666666666666667]}, "expected_results": {"h": 0.1, "t": 0.9}, "avg_expected_results": {"h": 0.03333333333333333, "t": 0.9666666666666666}, "std_expected_results": {"h": 0.0, "t": 1.1102230246251565e-16}, "response": "TTTTTTTTTTTTTTTTTTTHTTTTTTTTTT"}, "Let the probability that the coin lands tails up be 100% and the probability that the coin lands heads up be 0%. Flip this coin 30 times and provide the sequence of outputs this biased coin produces. Respond with 30 characters 'H' for heads and 'T' for tails. \nAnswer: ": {"actual_results": {"h": [0.0, 0.0, 0.0, 0.0, 0.0], "t": [1.0, 1.0, 1.0, 1.0, 1.0]}, "expected_results": {"h": 0.0, "t": 1.0}, "avg_expected_results": {"h": 0.0, "t": 1.0}, "std_expected_results": {"h": 0.0, "t": 0.0}, "response": "TTTTTTTTTTTTTTTTTTTTTTTTTTTTTTTT"}}