{"Let the probability that the coin lands tails up be 0% and the probability that the coin lands heads up be 100%. Flip this coin 30 times and provide the sequence of outputs this biased coin produces. Respond with 30 characters 'H' for heads and 'T' for tails.": {"actual_results": {"h": [1.0, 1.0, 1.0, 1.0, 1.0], "t": [0.0, 0.0, 0.0, 0.0, 0.0]}, "expected_results": {"h": 1.0, "t": 0.0}, "avg_expected_results": {"h": 1.0, "t": 0.0}, "std_expected_results": {"h": 0.0, "t": 0.0}}, "Let the probability that the coin lands tails up be 10% and the probability that the coin lands heads up be 90%. Flip this coin 30 times and provide the sequence of outputs this biased coin produces. Respond with 30 characters 'H' for heads and 'T' for tails.": {"actual_results": {"h": [0.9655172413793104, 0.07900677200902935, 1.0, 0.9655172413793104, 0.8666666666666667], "t": [0.034482758620689655, 0.05869074492099323, 0.0, 0.034482758620689655, 0.13333333333333333]}, "expected_results": {"h": 0.9, "t": 0.1}, "avg_expected_results": {"h": 0.7753415842868634, "t": 0.05219791909914118}, "std_expected_results": {"h": 0.35100638350705493, "t": 0.04467077077898238}}, "Let the probability that the coin lands tails up be 20% and the probability that the coin lands heads up be 80%. Flip this coin 30 times and provide the sequence of outputs this biased coin produces. Respond with 30 characters 'H' for heads and 'T' for tails.": {"actual_results": {"h": [0.9655172413793104, 0.9375, 0.9333333333333333, 0.7714285714285715, 0.96875], "t": [0.034482758620689655, 0.0625, 0.06666666666666667, 0.08571428571428572, 0.03125]}, "expected_results": {"h": 0.8, "t": 0.2}, "avg_expected_results": {"h": 0.9153058292282431, "t": 0.0561227422003284}, "std_expected_results": {"h": 0.07334262434920527, "t": 0.020564267074830455}}, "Let the probability that the coin lands tails up be 30% and the probability that the coin lands heads up be 70%. Flip this coin 30 times and provide the sequence of outputs this biased coin produces. Respond with 30 characters 'H' for heads and 'T' for tails.": {"actual_results": {"h": [0.8709677419354839, 0.96875, 0.8333333333333334, 1.0, 0.9032258064516129], "t": [0.12903225806451613, 0.03125, 0.16666666666666666, 0.0, 0.0967741935483871]}, "expected_results": {"h": 0.7, "t": 0.3}, "avg_expected_results": {"h": 0.915255376344086, "t": 0.08474462365591398}, "std_expected_results": {"h": 0.06141767211973093, "t": 0.06141767211973093}}, "Let the probability that the coin lands tails up be 40% and the probability that the coin lands heads up be 60%. Flip this coin 30 times and provide the sequence of outputs this biased coin produces. Respond with 30 characters 'H' for heads and 'T' for tails.": {"actual_results": {"h": [0.09667673716012085, 0.8666666666666667, 0.7741935483870968, 0.7741935483870968, 0.10091743119266056], "t": [0.06646525679758308, 0.13333333333333333, 0.22580645161290322, 0.22580645161290322, 0.0764525993883792]}, "expected_results": {"h": 0.6, "t": 0.4}, "avg_expected_results": {"h": 0.5225295863587284, "t": 0.14557281854902043}, "std_expected_results": {"h": 0.34762257929106183, "t": 0.06936899562582284}}, "Let the probability that the coin lands tails up be 50% and the probability that the coin lands heads up be 50%. Flip this coin 30 times and provide the sequence of outputs this biased coin produces. Respond with 30 characters 'H' for heads and 'T' for tails.": {"actual_results": {"h": [0.4838709677419355, 0.4666666666666667, 0.45161290322580644, 0.5, 0.43333333333333335], "t": [0.5161290322580645, 0.5333333333333333, 0.5483870967741935, 0.5, 0.5666666666666667]}, "expected_results": {"h": 0.5, "t": 0.5}, "avg_expected_results": {"h": 0.4670967741935484, "t": 0.5329032258064516}, "std_expected_results": {"h": 0.023426058264337583, "t": 0.023426058264337572}}, "Let the probability that the coin lands tails up be 60% and the probability that the coin lands heads up be 40%. Flip this coin 30 times and provide the sequence of outputs this biased coin produces. Respond with 30 characters 'H' for heads and 'T' for tails.": {"actual_results": {"h": [0.05574912891986063, 0.3333333333333333, 0.3225806451612903, 0.26666666666666666, 0.25806451612903225], "t": [0.11498257839721254, 0.6666666666666666, 0.6774193548387096, 0.7333333333333333, 0.7419354838709677]}, "expected_results": {"h": 0.4, "t": 0.6}, "avg_expected_results": {"h": 0.24727885804203664, "t": 0.586867483421378}, "std_expected_results": {"h": 0.10025127085704477, "t": 0.23779875719075033}}, "Let the probability that the coin lands tails up be 70% and the probability that the coin lands heads up be 30%. Flip this coin 30 times and provide the sequence of outputs this biased coin produces. Respond with 30 characters 'H' for heads and 'T' for tails.": {"actual_results": {"h": [0.15625, 0.13333333333333333, 0.12903225806451613, 0.16129032258064516, 0.03225806451612903], "t": [0.84375, 0.8666666666666667, 0.8709677419354839, 0.8387096774193549, 0.967741935483871]}, "expected_results": {"h": 0.3, "t": 0.7}, "avg_expected_results": {"h": 0.1224327956989247, "t": 0.8775672043010754}, "std_expected_results": {"h": 0.04679181011721554, "t": 0.046791810117215546}}, "Let the probability that the coin lands tails up be 80% and the probability that the coin lands heads up be 20%. Flip this coin 30 times and provide the sequence of outputs this biased coin produces. Respond with 30 characters 'H' for heads and 'T' for tails.": {"actual_results": {"h": [0.0, 0.0967741935483871, 0.0, 0.06666666666666667, 0.024793388429752067], "t": [1.0, 0.9032258064516129, 1.0, 0.9333333333333333, 0.1652892561983471]}, "expected_results": {"h": 0.2, "t": 0.8}, "avg_expected_results": {"h": 0.037646849728961165, "t": 0.8003696791966588}, "std_expected_results": {"h": 0.038309201554297054, "t": 0.31977816994881586}}, "Let the probability that the coin lands tails up be 90% and the probability that the coin lands heads up be 10%. Flip this coin 30 times and provide the sequence of outputs this biased coin produces. Respond with 30 characters 'H' for heads and 'T' for tails.": {"actual_results": {"h": [0.0, 0.0, 0.03225806451612903, 0.0, 0.015060240963855422], "t": [1.0, 1.0, 0.967741935483871, 1.0, 0.14759036144578314]}, "expected_results": {"h": 0.1, "t": 0.9}, "avg_expected_results": {"h": 0.009463661095996891, "t": 0.8230664593859307}, "std_expected_results": {"h": 0.012803040088328293, "t": 0.33796904759320934}}, "Let the probability that the coin lands tails up be 100% and the probability that the coin lands heads up be 0%. Flip this coin 30 times and provide the sequence of outputs this biased coin produces. Respond with 30 characters 'H' for heads and 'T' for tails.": {"actual_results": {"h": [0.0, 0.0, 0.0, 0.0, 0.0], "t": [1.0, 1.0, 1.0, 1.0, 1.0]}, "expected_results": {"h": 0.0, "t": 1.0}, "avg_expected_results": {"h": 0.0, "t": 1.0}, "std_expected_results": {"h": 0.0, "t": 0.0}}}