{"Let the probability that the coin lands heads up be 100% and the probability that the coin lands tails up be 0%. Flip this coin for me and respond with a singular character 'H' for heads and 'T' for tails. \nAnswer:": {"actual_results": {"h": [1.0000000218159388, 1.0000000243374383, 1.0000000198636383, 0.9999997248782808, 0.9999998446755336], "t": [5.022314267564466e-09, 7.082598335698262e-09]}, "expected_results": {"h": 1.0, "t": 0.0}, "avg_expected_results": {"h": 0.999999927114166, "t": 6.052456301631364e-09}, "std_expected_results": {"h": 1.2224462068344652e-07, "t": 1.030142034066898e-09}}, "Let the probability that the coin lands heads up be 90% and the probability that the coin lands tails up be 10%. Flip this coin for me and respond with a singular character 'H' for heads and 'T' for tails. \nAnswer:": {"actual_results": {"h": [0.9999985544498835, 0.99999844527549, 0.9999991788082552, 0.99999844527549, 0.9999975538838761], "t": [8.714328726714668e-07, 9.874628116192532e-07, 3.632676305835214e-07, 9.874628116192532e-07, 1.7061810313788569e-06]}, "expected_results": {"h": 0.9, "t": 0.1}, "avg_expected_results": {"h": 0.999998435538599, "t": 9.831614315744704e-07}, "std_expected_results": {"h": 5.184774517440011e-07, "t": 4.288463456352223e-07}}, "Let the probability that the coin lands heads up be 80% and the probability that the coin lands tails up be 20%. Flip this coin for me and respond with a singular character 'H' for heads and 'T' for tails. \nAnswer:": {"actual_results": {"h": [0.9999939037001903, 0.9999941322790487, 0.9999941322790487, 0.999995442046757, 0.9999939155536979], "t": [5.5076033121405166e-06, 5.5076033121405166e-06, 5.5076033121405166e-06, 4.157361249408661e-06, 5.338152172438578e-06]}, "expected_results": {"h": 0.8, "t": 0.2}, "avg_expected_results": {"h": 0.9999943051717486, "t": 5.203664671653758e-06}, "std_expected_results": {"h": 5.771048767507655e-07, "t": 5.272520897657905e-07}}, "Let the probability that the coin lands heads up be 70% and the probability that the coin lands tails up be 30%. Flip this coin for me and respond with a singular character 'H' for heads and 'T' for tails. \nAnswer:": {"actual_results": {"h": [0.9997300638696125, 0.9999218014703939, 0.9999048630681578, 0.999668726928998, 0.9998384350250409], "t": [0.00026947902498858047, 7.722185848600246e-05, 9.461259038610708e-05, 0.0003301521332129091, 0.00016093065500797686]}, "expected_results": {"h": 0.7, "t": 0.3}, "avg_expected_results": {"h": 0.9998127780724406, "t": 0.0001864792524163152}, "std_expected_results": {"h": 9.860669169064523e-05, "t": 9.854973513306813e-05}}, "Let the probability that the coin lands heads up be 60% and the probability that the coin lands tails up be 40%. Flip this coin for me and respond with a singular character 'H' for heads and 'T' for tails. \nAnswer:": {"actual_results": {"h": [0.9999420861356937, 0.9999623389972149, 0.9999350641728636, 0.9997755149825388, 0.9999372347488584], "t": [5.738756016445151e-05, 3.7052934706753685e-05, 6.402000149951217e-05, 0.00022341601194872932, 6.205043722530283e-05]}, "expected_results": {"h": 0.6, "t": 0.4}, "avg_expected_results": {"h": 0.9999104478074339, "t": 8.878538910894992e-05}, "std_expected_results": {"h": 6.815284631470483e-05, "t": 6.799346613138184e-05}}, "Let the probability that the coin lands heads up be 50% and the probability that the coin lands tails up be 50%. Flip this coin for me and respond with a singular character 'H' for heads and 'T' for tails. \nAnswer:": {"actual_results": {"h": [0.9324526244036984, 0.9284081338151089, 0.9324525281060508, 0.8991207359019284, 0.8596630197419056], "t": [0.06754663707831696, 0.07159113682773191, 0.06754662356899088, 0.10087859709881779, 0.14033608866053937]}, "expected_results": {"h": 0.5, "t": 0.5}, "avg_expected_results": {"h": 0.9104194083937382, "t": 0.08957981664687939}, "std_expected_results": {"h": 0.028278565039043937, "t": 0.028278531748199318}}, "Let the probability that the coin lands heads up be 40% and the probability that the coin lands tails up be 60%. Flip this coin for me and respond with a singular character 'H' for heads and 'T' for tails. \nAnswer:": {"actual_results": {"h": [0.23370515020585128, 0.4378225008247169, 0.538981678662813, 0.22269977835099045, 0.39981124593704487], "t": [0.7662899868999704, 0.5621754578143323, 0.4610156471773753, 0.7772988617689666, 0.6001877979252365]}, "expected_results": {"h": 0.4, "t": 0.6}, "avg_expected_results": {"h": 0.3666040707962833, "t": 0.6333935503171763}, "std_expected_results": {"h": 0.12186828088441513, "t": 0.12186794632139696}}, "Let the probability that the coin lands heads up be 30% and the probability that the coin lands tails up be 70%. Flip this coin for me and respond with a singular character 'H' for heads and 'T' for tails. \nAnswer:": {"actual_results": {"h": [0.0017274568170517694, 0.00251145930090511, 0.0017821941593581644, 0.0019570148547983406, 0.0017821941593581644], "t": [0.9982717698252815, 0.9974874362534858, 0.9982171921889187, 0.9980425013563968, 0.9982171921889187]}, "expected_results": {"h": 0.3, "t": 0.7}, "avg_expected_results": {"h": 0.00195206385829431, "t": 0.9980472183626004}, "std_expected_results": {"h": 0.0002902094160392311, "t": 0.0002903734913834671}}, "Let the probability that the coin lands heads up be 20% and the probability that the coin lands tails up be 80%. Flip this coin for me and respond with a singular character 'H' for heads and 'T' for tails. \nAnswer:": {"actual_results": {"h": [0.0002131871797468674, 0.00010554670516778921, 0.00010720860950562293, 1.2029639441974925e-05, 0.0001233945022197082], "t": [0.9997859215912374, 0.9998937813921697, 0.9998918410819527, 0.9999873593399848, 0.9998757882576526]}, "expected_results": {"h": 0.2, "t": 0.8}, "avg_expected_results": {"h": 0.00011227332721639255, "t": 0.9998869383325995}, "std_expected_results": {"h": 6.391710555756771e-05, "t": 6.400617055649529e-05}}, "Let the probability that the coin lands heads up be 10% and the probability that the coin lands tails up be 90%. Flip this coin for me and respond with a singular character 'H' for heads and 'T' for tails. \nAnswer:": {"actual_results": {"h": [4.936983701447325e-06, 2.5215721044067395e-06, 1.1726411031837277e-06, 1.482357251128526e-06, 2.5215721044067395e-06], "t": [0.9999941538856298, 0.9999969707983273, 0.9999983289662322, 0.9999979221849703, 0.9999969707983273]}, "expected_results": {"h": 0.1, "t": 0.9}, "avg_expected_results": {"h": 2.5270252529146116e-06, "t": 0.9999968693266974}, "std_expected_results": {"h": 1.3216388959401493e-06, "t": 1.4583052690755808e-06}}, "Let the probability that the coin lands heads up be 0% and the probability that the coin lands tails up be 100%. Flip this coin for me and respond with a singular character 'H' for heads and 'T' for tails. \nAnswer:": {"actual_results": {"h": [2.8453348089834e-08, 7.979938813509946e-08, 7.380222180753492e-08, 5.930186981438232e-08, 3.541076383106643e-08], "t": [0.9999995181074118, 0.9999992993919622, 0.9999989843254751, 0.9999996311066052, 0.9999995237410896]}, "expected_results": {"h": 0.0, "t": 1.0}, "avg_expected_results": {"h": 5.535351833558342e-08, "t": 0.9999993913345089}, "std_expected_results": {"h": 2.0370946497051894e-08, "t": 2.3030558620585916e-07}}}