{"Let the probability that the biased dice lands on '1' 20% of the time, '2' 30% of the time, '3' 50% of the time, '4' 0% of the time, '5''0% of the timne, and '6' 0% of the time. Toss this biased dice. \n Answer:": {"actual_results": {"1": [0.006298511143139174, 0.00663664310371555, 0.00663664310371555], "2": [0.05768554827562294, 0.056255739924580356, 0.04937314135067596, 0.04510623020484194, 0.04510623020484194], "3": [0.6992561162966218, 0.7723087682859383, 0.8652378835276348, 0.838279166272606, 0.838279166272606], "4": [0.037807155323424706, 0.03581880299976222, 0.005711477684015236, 0.011737634212597853, 0.011737634212597853], "5": [0.009532420558692854], "6": []}, "expected_results": {"1": 0.2, "2": 0.3, "3": 0.5, "4": 0.0, "5": 0.0, "6": 0.0}, "avg_expected_results": {"1": 0.006523932450190092, "2": 0.05070537799211263, "3": 0.8026722201310813, "4": 0.020562540886479574, "5": 0.009532420558692854, "6": null}, "std_expected_results": {"1": 0.00015939693483963877, "2": 0.0053666574536553055, "3": 0.06011156494977276, "4": 0.0134643402704857, "5": 0.0, "6": null}}}