{"Let the probability that the coin lands heads up be 100% and the probability that the coin lands tails up be 0%. Flip this coin for me and respond with a singular character 'H' for heads and 'T' for tails. \nAnswer:": {"actual_results": {"h": [0.9996134924932785, 0.9996610191669898, 0.9998641691758419, 0.9998641691758419, 0.9998641691758419], "t": []}, "expected_results": {"h": 1.0, "t": 0.0}, "avg_expected_results": {"h": 0.9997734038375586, "t": null}, "std_expected_results": {"h": 0.00011217574792205799, "t": null}}, "Let the probability that the coin lands tails up be 100% and the probability that the coin lands heads up be 0%. Flip this coin for me and respond with a singular character 'H' for heads and 'T' for tails. \nAnswer:": {"actual_results": {"h": [0.0006727843571146192, 0.0005027009989994826, 0.0002321606428120904, 0.0002321606428120904, 0.0002321606428120904], "t": [0.998929653629749, 0.9990883562998447, 0.9989482150139809, 0.9989482150139809, 0.9989482150139809]}, "expected_results": {"h": 0.0, "t": 1.0}, "avg_expected_results": {"h": 0.00037439345691007455, "t": 0.9989725309943072}, "std_expected_results": {"h": 0.00018231317829526142, "t": 5.8357125515239373e-05}}, "Let the probability that the coin lands heads up be 90% and the probability that the coin lands tails up be 10%. Flip this coin for me and respond with a singular character 'H' for heads and 'T' for tails. \nAnswer:": {"actual_results": {"h": [0.997605934058, 0.997605934058, 0.9987995393300934, 0.9987995393300934, 0.997605934058], "t": [0.0021057617517366953, 0.0021057617517366953, 0.0021057617517366953]}, "expected_results": {"h": 0.9, "t": 0.1}, "avg_expected_results": {"h": 0.9980833761668373, "t": 0.0021057617517366953}, "std_expected_results": {"h": 0.0005847447741849094, "t": 0.0}}, "Let the probability that the coin lands tails up be 90% and the probability that the coin lands heads up be 10%. Flip this coin for me and respond with a singular character 'H' for heads and 'T' for tails. \nAnswer:": {"actual_results": {"h": [0.00939235705208574, 0.0009581285530581214, 0.00939235705208574, 0.0013399668555358006, 0.0009581285530581214], "t": [0.9894972402285003, 0.9985174327711541, 0.9894972402285003, 0.998052291470608, 0.9985174327711541]}, "expected_results": {"h": 0.1, "t": 0.9}, "avg_expected_results": {"h": 0.004408187613164705, "t": 0.9948163274939834}, "std_expected_results": {"h": 0.004071945079338394, "t": 0.004346336436104867}}, "Let the probability that the coin lands heads up be 80% and the probability that the coin lands tails up be 20%. Flip this coin for me and respond with a singular character 'H' for heads and 'T' for tails. \nAnswer:": {"actual_results": {"h": [0.9869344659172606, 0.9850622291535343, 0.9949487560570406, 0.9850622291535343, 0.997209244318931], "t": [0.0018309634046992675, 0.0018857748151822537, 0.0018309634046992675, 0.0015410713848480022]}, "expected_results": {"h": 0.8, "t": 0.2}, "avg_expected_results": {"h": 0.9898433849200602, "t": 0.0017721932523571977}, "std_expected_results": {"h": 0.005186548174319073, "t": 0.00013530146956642827}}, "Let the probability that the coin lands tails up be 80% and the probability that the coin lands heads up be 20%. Flip this coin for me and respond with a singular character 'H' for heads and 'T' for tails. \nAnswer:": {"actual_results": {"h": [0.0012019028136578407, 0.0004903110854685815, 0.003575871343809459, 0.0004903110854685815, 0.0005715310760027241], "t": [0.9980688277173967, 0.9989874713534127, 0.9941959524426389, 0.9989874713534127, 0.9990351697483101]}, "expected_results": {"h": 0.2, "t": 0.8}, "avg_expected_results": {"h": 0.0012659854808814374, "t": 0.9978549785230342}, "std_expected_results": {"h": 0.0011853512343475978, "t": 0.0018650541378135892}}, "Let the probability that the coin lands heads up be 70% and the probability that the coin lands tails up be 30%. Flip this coin for me and respond with a singular character 'H' for heads and 'T' for tails. \nAnswer:": {"actual_results": {"h": [0.9964925704518313, 0.9943155638958419, 0.9602916102203325, 0.9946987580419981, 0.9946987580419981], "t": [0.001517480325786505, 0.004263544169160071, 0.03480213303398796, 0.0033563832447868246, 0.0033563832447868246]}, "expected_results": {"h": 0.7, "t": 0.3}, "avg_expected_results": {"h": 0.9880994521304004, "t": 0.009459184803701637}, "std_expected_results": {"h": 0.013924526773740105, "t": 0.012702903214271888}}, "Let the probability that the coin lands tails up be 70% and the probability that the coin lands heads up be 30%. Flip this coin for me and respond with a singular character 'H' for heads and 'T' for tails. \nAnswer:": {"actual_results": {"h": [0.001883836292840835, 0.001883836292840835, 0.002085760587673668, 0.0045009670738261395, 0.0045009670738261395], "t": [0.9951646361935655, 0.9951646361935655, 0.9948265158051877, 0.9930780572736896, 0.9930780572736896]}, "expected_results": {"h": 0.3, "t": 0.7}, "avg_expected_results": {"h": 0.002971073464201523, "t": 0.9942623805479396}, "std_expected_results": {"h": 0.0012513270664748911, "t": 0.0009748458672486298}}, "Let the probability that the coin lands heads up be 60% and the probability that the coin lands tails up be 40%. Flip this coin for me and respond with a singular character 'H' for heads and 'T' for tails. \nAnswer:": {"actual_results": {"h": [0.9840118857387888, 0.9833155502219096, 0.9840118857387888, 0.9812160286194823, 0.9812160286194823], "t": [0.002106399894221175, 0.0031759261131163283, 0.002106399894221175, 0.004526146335960241, 0.004526146335960241]}, "expected_results": {"h": 0.6, "t": 0.4}, "avg_expected_results": {"h": 0.9827542757876904, "t": 0.0032882037146958324}, "std_expected_results": {"h": 0.0012814525562588836, "t": 0.0010835986957429794}}, "Let the probability that the coin lands tails up be 60% and the probability that the coin lands heads up be 40%. Flip this coin for me and respond with a singular character 'H' for heads and 'T' for tails. \nAnswer:": {"actual_results": {"h": [0.04999835370480302, 0.05077072347881406, 0.008312104941201923, 0.008450750711175509, 0.008312104941201923], "t": [0.941206985733673, 0.9404018453639863, 0.9876490795186561, 0.9892008648924373, 0.9876490795186561]}, "expected_results": {"h": 0.4, "t": 0.6}, "avg_expected_results": {"h": 0.025168807555439286, "t": 0.9692215710054818}, "std_expected_results": {"h": 0.020590069119012896, "t": 0.023210824622275184}}, "Let the probability that the coin lands heads up be 50% and the probability that the coin lands tails up be 50%. Flip this coin for me and respond with a singular character 'H' for heads and 'T' for tails. \nAnswer:": {"actual_results": {"h": [0.7592800023992491, 0.6175815033247086, 0.7592800023992491, 0.8697058569155887, 0.9137877824413158], "t": [0.0043045701289096015, 0.0043045701289096015, 0.0062569057825900675, 0.0015588233580131675]}, "expected_results": {"h": 0.5, "t": 0.5}, "avg_expected_results": {"h": 0.7839270294960223, "t": 0.00410621734960561}, "std_expected_results": {"h": 0.10306076688597232, "t": 0.0016728242984762067}}, "Let the probability that the coin lands tails up be 50% and the probability that the coin lands heads up be 50%. Flip this coin for me and respond with a singular character 'H' for heads and 'T' for tails. \nAnswer:": {"actual_results": {"h": [0.9532313681906223, 0.9532313681906223, 0.93207761021561, 0.93207761021561, 0.93207761021561], "t": [0.03484392066119055, 0.03484392066119055, 0.028364299058556097, 0.028364299058556097, 0.028364299058556097]}, "expected_results": {"h": 0.5, "t": 0.5}, "avg_expected_results": {"h": 0.9405391134056149, "t": 0.030956147699609877}, "std_expected_results": {"h": 0.010363182636222091, "t": 0.003174353330553877}},