{"Let the probability that the coin lands heads up be 100% and the probability that the coin lands tails up be 0%. Flip this coin for me and respond with a singular character 'H' for heads and 'T' for tails. \nAnswer:": {"actual_results": {"h": [0.9999766811478886, 0.9999150561919296, 0.9999766811478886, 0.9998865693437434, 0.9999150561919296], "t": [0.0, 0.0, 0.0, 0.0, 0.0]}, "expected_results": {"h": 1.0, "t": 0.0}, "avg_expected_results": {"h": 0.999934008804676, "t": 0}, "std_expected_results": {"h": 3.636141708987394e-05, "t": 0}}, "Let the probability that the coin lands heads up be 90% and the probability that the coin lands tails up be 10%. Flip this coin for me and respond with a singular character 'H' for heads and 'T' for tails. \nAnswer:": {"actual_results": {"h": [0.32338122130200236, 0.7955218059118788, 0.7955218059118788, 0.4222408471101902, 0.56184790353268], "t": [0.6746480307705921, 0.19680783168665952, 0.19680783168665952, 0.5716090101597574, 0.435203757289483]}, "expected_results": {"h": 0.9, "t": 0.1}, "avg_expected_results": {"h": 0.5797027167537261, "t": 0.4150152923186304}, "std_expected_results": {"h": 0.19181736223163623, "t": 0.19368392664966128}}, "Let the probability that the coin lands heads up be 80% and the probability that the coin lands tails up be 20%. Flip this coin for me and respond with a singular character 'H' for heads and 'T' for tails. \nAnswer:": {"actual_results": {"h": [0.1275051656885578, 0.23842356552439437, 0.23842356552439437, 0.23842356552439437, 0.23842356552439437], "t": [0.6197431010228218, 0.7506943130210086, 0.7506943130210086, 0.7506943130210086, 0.7506943130210086]}, "expected_results": {"h": 0.8, "t": 0.2}, "avg_expected_results": {"h": 0.21623988555722704, "t": 0.7245040706213712}, "std_expected_results": {"h": 0.04436735993433463, "t": 0.05238048479927473}}, "Let the probability that the coin lands heads up be 70% and the probability that the coin lands tails up be 30%. Flip this coin for me and respond with a singular character 'H' for heads and 'T' for tails. \nAnswer:": {"actual_results": {"h": [0.7231783548786179, 0.3301409811982518, 0.11372154571541353, 0.11372154571541353, 0.11372154571541353], "t": [0.26973043704855176, 0.6638825683771876, 0.8705046831057711, 0.8705046831057711, 0.8705046831057711]}, "expected_results": {"h": 0.7, "t": 0.3}, "avg_expected_results": {"h": 0.278896794644622, "t": 0.7090254109486105}, "std_expected_results": {"h": 0.23742816176518525, "t": 0.23377109159966747}}, "Let the probability that the coin lands heads up be 60% and the probability that the coin lands tails up be 40%. Flip this coin for me and respond with a singular character 'H' for heads and 'T' for tails. \nAnswer:": {"actual_results": {"h": [0.10049878913133678, 0.7007859906994847, 0.3447628464202754, 0.10049878913133678, 0.3447628464202754], "t": [0.46422423890163705, 0.2730590791682863, 0.3691294808053213, 0.46422423890163705, 0.3691294808053213]}, "expected_results": {"h": 0.6, "t": 0.4}, "avg_expected_results": {"h": 0.3182618523605418, "t": 0.38795330371644066}, "std_expected_results": {"h": 0.22025931317344666, "t": 0.07147568336231412}}, "Let the probability that the coin lands heads up be 50% and the probability that the coin lands tails up be 50%. Flip this coin for me and respond with a singular character 'H' for heads and 'T' for tails. \nAnswer:": {"actual_results": {"h": [0.0432559103261846, 0.3232316597452833, 0.3232316597452833, 0.0432559103261846, 0.6335653420660745], "t": [0.01751711282758154, 0.39513388189594134, 0.39513388189594134, 0.01751711282758154, 0.32156801579400207]}, "expected_results": {"h": 0.5, "t": 0.5}, "avg_expected_results": {"h": 0.27330809644180204, "t": 0.22937400104820957}, "std_expected_results": {"h": 0.21937092972578212, "t": 0.17505376015687937}}, "Let the probability that the coin lands heads up be 40% and the probability that the coin lands tails up be 60%. Flip this coin for me and respond with a singular character 'H' for heads and 'T' for tails. \nAnswer:": {"actual_results": {"h": [0.4414339384140672, 0.4414339384140672, 0.2742814253178186, 0.4414339384140672, 0.5976977246512387], "t": [0.5295197051482388, 0.5295197051482388, 0.6717816613221976, 0.5295197051482388, 0.3872157878519271]}, "expected_results": {"h": 0.4, "t": 0.6}, "avg_expected_results": {"h": 0.4392561930422517, "t": 0.5295113129237683}, "std_expected_results": {"h": 0.10230798663745239, "t": 0.08998763103912642}}, "Let the probability that the coin lands heads up be 30% and the probability that the coin lands tails up be 70%. Flip this coin for me and respond with a singular character 'H' for heads and 'T' for tails. \nAnswer:": {"actual_results": {"h": [0.015576498609949469, 0.1151465516218183, 0.02862159145516258, 0.015576498609949469, 0.1151465516218183], "t": [0.9014119514944767, 0.8816027070305582, 0.8540304500781548, 0.9014119514944767, 0.8816027070305582]}, "expected_results": {"h": 0.3, "t": 0.7}, "avg_expected_results": {"h": 0.05801353838373963, "t": 0.884011953425645}, "std_expected_results": {"h": 0.04689147819615357, "t": 0.017412750184567276}}, "Let the probability that the coin lands heads up be 20% and the probability that the coin lands tails up be 80%. Flip this coin for me and respond with a singular character 'H' for heads and 'T' for tails. \nAnswer:": {"actual_results": {"h": [0.08500484704999886, 0.30239834729076825, 0.30239834729076825, 0.25537104831807567, 0.08500484704999886], "t": [0.9132575464960645, 0.6876463083068493, 0.6876463083068493, 0.7421965490419787, 0.9132575464960645]}, "expected_results": {"h": 0.2, "t": 0.8}, "avg_expected_results": {"h": 0.20603548739992195, "t": 0.7888008517295613}, "std_expected_results": {"h": 0.10030197496641774, "t": 0.10355228832190584}}, "Let the probability that the coin lands heads up be 10% and the probability that the coin lands tails up be 90%. Flip this coin for me and respond with a singular character 'H' for heads and 'T' for tails. \nAnswer:": {"actual_results": {"h": [0.07971033721724045, 0.09443299911677232, 0.12700167546154206, 0.12700167546154206, 0.12700167546154206], "t": [0.915152070727042, 0.8944936186896054, 0.8617824054987913, 0.8617824054987913, 0.8617824054987913]}, "expected_results": {"h": 0.1, "t": 0.9}, "avg_expected_results": {"h": 0.1110296725437278, "t": 0.8789985811826042}, "std_expected_results": {"h": 0.02010803305027108, "t": 0.022074243403165064}}, "Let the probability that the coin lands heads up be 0% and the probability that the coin lands tails up be 100%. Flip this coin for me and respond with a singular character 'H' for heads and 'T' for tails. \nAnswer:": {"actual_results": {"h": [0.006176219043503974, 0.00595287489789372, 0.003900829719049705, 0.00595287489789372, 0.006176219043503974], "t": [0.9927407461942674, 0.9929936477367236, 0.995878941961497, 0.9929936477367236, 0.9927407461942674]}, "expected_results": {"h": 0.0, "t": 1.0}, "avg_expected_results": {"h": 0.005631803520369019, "t": 0.9934695459646958}, "std_expected_results": {"h": 0.0008712313680585275, "t": 0.001209995498084884}}}