{"Let the probability that the biased coin lands heads up be 100% and the probability that the coin lands tails up be 0%. Flip this biased coin.\n Answer:": {"actual_results": {"h": [0.9999444223779027, 0.9999444223779027, 0.9999444223779027, 0.9999478757483583, 0.9999307511377724], "t": []}, "expected_results": {"h": 1.0, "t": 0.0}, "avg_expected_results": {"h": 0.9999423788039679, "t": null}, "std_expected_results": {"h": 5.96569530006377e-06, "t": null}}, "Let the probability that the biased coin lands heads up be 0% and the probability that the coin lands tails up be 100%. Flip this biased coin.\n Answer:": {"actual_results": {"h": [0.0016963259034834817, 0.0005779408674357153, 0.0005779408674357153, 0.0016963259034834817, 0.0024186121380481004], "t": [0.9981162340398844, 0.9993065128416945, 0.9993065128416945, 0.9981162340398844, 0.9973888905848692]}, "expected_results": {"h": 0.0, "t": 1.0}, "avg_expected_results": {"h": 0.001393429135977299, "t": 0.9984468768696054}, "std_expected_results": {"h": 0.0007161753030542438, "t": 0.0007504575070449686}}}