{"A biased deck with 4 types of cards: A, B, C, and D. Let the probability of drawing a 'A' be 80%, drawing a 'B' be 20%, drawing a 'C' be 0%, drawing a 'D' be 0%. Pull a card from this biased deck. \n Answer: ": {"actual_results": {"a": [0.9999701213600228, 0.9999393245563976, 0.9999623855238488, 0.9999506254985412, 0.9999393245563976], "b": [6.962548408417732e-06, 2.2464483657841872e-05, 4.869267708697855e-06, 1.2260755575895e-05, 2.2464483657841872e-05], "c": [], "d": []}, "expected_results": {"a": 0.8, "b": 0.2, "c": 0.0, "d": 0.0}, "avg_expected_results": {"a": 0.9999523562990416, "b": 1.3804307801738868e-05, "c": null, "d": null}, "std_expected_results": {"a": 1.2319342879818656e-05, "b": 7.47026717395723e-06, "c": null, "d": null}}}