{"Let the probability that the coin lands tails up be 0% and the probability that the coin lands heads up be 100%. Flip this coin 30 times and provide the sequence of outputs this biased coin produces. Respond with 30 characters 'H' for heads and 'T' for tails.": {"actual_results": {"h": [1.0, 1.0, 1.0, 1.0, 1.0], "t": [0.0, 0.0, 0.0, 0.0, 0.0]}, "expected_results": {"h": 1.0, "t": 0.0}, "avg_expected_results": {"h": 1.0, "t": 0.0}, "std_expected_results": {"h": 0.0, "t": 0.0}}, "Let the probability that the coin lands tails up be 10% and the probability that the coin lands heads up be 90%. Flip this coin 30 times and provide the sequence of outputs this biased coin produces. Respond with 30 characters 'H' for heads and 'T' for tails.": {"actual_results": {"h": [0.43333333333333335, 0.5517241379310345, 0.9666666666666667, 0.4666666666666667, 0.6666666666666666], "t": [0.5666666666666667, 0.4482758620689655, 0.03333333333333333, 0.5333333333333333, 0.3333333333333333]}, "expected_results": {"h": 0.9, "t": 0.1}, "avg_expected_results": {"h": 0.6170114942528736, "t": 0.38298850574712645}, "std_expected_results": {"h": 0.19252430943616886, "t": 0.19252430943616886}}, "Let the probability that the coin lands tails up be 20% and the probability that the coin lands heads up be 80%. Flip this coin 30 times and provide the sequence of outputs this biased coin produces. Respond with 30 characters 'H' for heads and 'T' for tails.": {"actual_results": {"h": [0.3333333333333333, 0.5666666666666667, 0.5, 0.5333333333333333, 0.4666666666666667], "t": [0.6666666666666666, 0.43333333333333335, 0.5, 0.4666666666666667, 0.5333333333333333]}, "expected_results": {"h": 0.8, "t": 0.2}, "avg_expected_results": {"h": 0.48, "t": 0.52}, "std_expected_results": {"h": 0.08055363982396382, "t": 0.0805536398239638}}, "Let the probability that the coin lands tails up be 30% and the probability that the coin lands heads up be 70%. Flip this coin 30 times and provide the sequence of outputs this biased coin produces. Respond with 30 characters 'H' for heads and 'T' for tails.": {"actual_results": {"h": [0.4, 0.3, 0.23333333333333334, 0.5, 0.36666666666666664], "t": [0.6, 0.7, 0.7666666666666667, 0.5, 0.6333333333333333]}, "expected_results": {"h": 0.7, "t": 0.3}, "avg_expected_results": {"h": 0.36, "t": 0.6399999999999999}, "std_expected_results": {"h": 0.09043106644167025, "t": 0.09043106644167026}}, "Let the probability that the coin lands tails up be 40% and the probability that the coin lands heads up be 60%. Flip this coin 30 times and provide the sequence of outputs this biased coin produces. Respond with 30 characters 'H' for heads and 'T' for tails.": {"actual_results": {"h": [0.36666666666666664, 0.4666666666666667, 0.26666666666666666, 0.0, 0.5], "t": [0.6333333333333333, 0.5333333333333333, 0.7333333333333333, 0.0, 0.5]}, "expected_results": {"h": 0.6, "t": 0.4}, "avg_expected_results": {"h": 0.31999999999999995, "t": 0.48}, "std_expected_results": {"h": 0.17962924780409972, "t": 0.2535087112244206}}, "Let the probability that the coin lands tails up be 50% and the probability that the coin lands heads up be 50%. Flip this coin 30 times and provide the sequence of outputs this biased coin produces. Respond with 30 characters 'H' for heads and 'T' for tails.": {"actual_results": {"h": [0.3870967741935484, 0.36666666666666664, 0.0, 0.0, 0.4], "t": [0.6129032258064516, 0.6333333333333333, 0.0, 0.0, 0.6]}, "expected_results": {"h": 0.5, "t": 0.5}, "avg_expected_results": {"h": 0.23075268817204303, "t": 0.369247311827957}, "std_expected_results": {"h": 0.18870842140316624, "t": 0.30167651179838406}}, "Let the probability that the coin lands tails up be 60% and the probability that the coin lands heads up be 40%. Flip this coin 30 times and provide the sequence of outputs this biased coin produces. Respond with 30 characters 'H' for heads and 'T' for tails.": {"actual_results": {"h": [0.26666666666666666, 0.43333333333333335, 0.4, 0.36666666666666664, 0.0], "t": [0.7333333333333333, 0.5666666666666667, 0.6, 0.6333333333333333, 0.0]}, "expected_results": {"h": 0.4, "t": 0.6}, "avg_expected_results": {"h": 0.29333333333333333, "t": 0.5066666666666666}, "std_expected_results": {"h": 0.1569146972791976, "t": 0.25940101944458294}}, "Let the probability that the coin lands tails up be 70% and the probability that the coin lands heads up be 30%. Flip this coin 30 times and provide the sequence of outputs this biased coin produces. Respond with 30 characters 'H' for heads and 'T' for tails.": {"actual_results": {"h": [0.0, 0.0, 0.0, 0.0, 0.0], "t": [0.0, 0.0, 0.0, 0.0, 0.0]}, "expected_results": {"h": 0.3, "t": 0.7}, "avg_expected_results": {"h": 0.0, "t": 0.0}, "std_expected_results": {"h": 0.0, "t": 0.0}}, "Let the probability that the coin lands tails up be 80% and the probability that the coin lands heads up be 20%. Flip this coin 30 times and provide the sequence of outputs this biased coin produces. Respond with 30 characters 'H' for heads and 'T' for tails.": {"actual_results": {"h": [0.2, 0.03333333333333333, 0.2, 0.16666666666666666, 0.13333333333333333], "t": [0.8, 0.9666666666666667, 0.8, 0.8333333333333334, 0.8666666666666667]}, "expected_results": {"h": 0.2, "t": 0.8}, "avg_expected_results": {"h": 0.14666666666666667, "t": 0.8533333333333333}, "std_expected_results": {"h": 0.061824123303304696, "t": 0.06182412330330468}}, "Let the probability that the coin lands tails up be 90% and the probability that the coin lands heads up be 10%. Flip this coin 30 times and provide the sequence of outputs this biased coin produces. Respond with 30 characters 'H' for heads and 'T' for tails.": {"actual_results": {"h": [0.0, 0.0, 0.0, 0.2, 0.06666666666666667], "t": [0.0, 0.0, 0.0, 0.8, 0.9333333333333333]}, "expected_results": {"h": 0.1, "t": 0.9}, "avg_expected_results": {"h": 0.05333333333333333, "t": 0.3466666666666667}, "std_expected_results": {"h": 0.077746025264604, "t": 0.4266666666666667}}, "Let the probability that the coin lands tails up be 100% and the probability that the coin lands heads up be 0%. Flip this coin 30 times and provide the sequence of outputs this biased coin produces. Respond with 30 characters 'H' for heads and 'T' for tails.": {"actual_results": {"h": [0.0, 0.0, 0.0, 0.0, 0.0], "t": [1.0, 0.0, 0.0, 0.8571428571428571, 1.0]}, "expected_results": {"h": 0.0, "t": 1.0}, "avg_expected_results": {"h": 0.0, "t": 0.5714285714285714}, "std_expected_results": {"h": 0.0, "t": 0.469476477861571}}}