{"Let the probability that the biased dice lands on '1' 20% of the time, '2' 30% of the time, '3' 50% of the time, '4' 0% of the time, '5''0% of the timne, and '6' 0% of the time. Toss this biased dice. \n Answer:": {"actual_results": {"1": [0.0035851964810600496, 0.0019637978540176485, 0.0035851964810600496, 0.009473858596684245, 0.0035851964810600496], "2": [0.005271662506757313, 0.006284261159598456, 0.005271662506757313, 0.013322623151005925, 0.005271662506757313], "3": [0.9891279679262208, 0.9902018022199173, 0.9891279679262208, 0.9691899330104243, 0.9891279679262208], "4": [0.0002459272001939509, 0.001012802538661696], "5": [0.0007651239585072335, 0.00044595054399335695, 0.0007651239585072335, 0.006272896934625712, 0.0007651239585072335], "6": []}, "expected_results": {"1": 0.2, "2": 0.3, "3": 0.5, "4": 0.0, "5": 0.0, "6": 0.0}, "avg_expected_results": {"1": 0.004438649178776408, "2": 0.007084374366175264, "3": 0.9853551278018008, "4": 0.0006293648694278235, "5": 0.0018028438708281539, "6": null}, "std_expected_results": {"1": 0.0025947395816754313, "2": 0.0031436826144063366, "3": 0.008093290349069042, "4": 0.0003834376692338725, "5": 0.00223844239340023, "6": null}}}