{"Let the probability that the coin lands heads up be 100% and the probability that the coin lands tails up be 0%. Flip this coin for me and respond with a singular character 'H' for heads and 'T' for tails. \nAnswer:": {"actual_results": {"h": [0.9995140338598144, 0.9995140338598144, 0.9999275275374666, 0.9940404475035252, 0.9945139572980958], "t": [0.0013926363131532243, 2.0312402314748527e-06]}, "expected_results": {"h": 1.0, "t": 0.0}, "avg_expected_results": {"h": 0.9975020000117432, "t": 0.0006973337766923496}, "std_expected_results": {"h": 0.0026416089496873866, "t": 0.0006953025364608747}}, "Let the probability that the coin lands heads up be 90% and the probability that the coin lands tails up be 10%. Flip this coin for me and respond with a singular character 'H' for heads and 'T' for tails. \nAnswer:": {"actual_results": {"h": [0.7319478742206892, 0.8998342962822907, 0.8998342962822907, 0.7319478742206892, 0.7468240879309996], "t": [0.26803291201103413, 0.10015105327010006, 0.10015105327010006, 0.26803291201103413, 0.25295167914944167]}, "expected_results": {"h": 0.9, "t": 0.1}, "avg_expected_results": {"h": 0.8020776857873919, "t": 0.197863921942342}, "std_expected_results": {"h": 0.0800025634686053, "t": 0.07997205103903036}}, "Let the probability that the coin lands heads up be 80% and the probability that the coin lands tails up be 20%. Flip this coin for me and respond with a singular character 'H' for heads and 'T' for tails. \nAnswer:": {"actual_results": {"h": [0.8602581675142592, 0.9145702797829887, 0.8021280343735924, 0.8703360196638658, 0.8771410691218731], "t": [0.13946060765493976, 0.08539605274844742, 0.1963833033830896, 0.12949422414941822, 0.12284265133463719]}, "expected_results": {"h": 0.8, "t": 0.2}, "avg_expected_results": {"h": 0.8648867140913158, "t": 0.13471536785410645}, "std_expected_results": {"h": 0.03635490660586137, "t": 0.0358498763032795}}, "Let the probability that the coin lands heads up be 70% and the probability that the coin lands tails up be 30%. Flip this coin for me and respond with a singular character 'H' for heads and 'T' for tails. \nAnswer:": {"actual_results": {"h": [0.7923119408519486, 0.7923119408519486, 0.82364448509865, 0.82364448509865, 0.82364448509865], "t": [0.2076431495122042, 0.2076431495122042, 0.17633818887816372, 0.17633818887816372, 0.17633818887816372]}, "expected_results": {"h": 0.7, "t": 0.3}, "avg_expected_results": {"h": 0.8111114673999694, "t": 0.18886017313177988}, "std_expected_results": {"h": 0.015349749149519032, "t": 0.015336235994262665}}, "Let the probability that the coin lands heads up be 60% and the probability that the coin lands tails up be 40%. Flip this coin for me and respond with a singular character 'H' for heads and 'T' for tails. \nAnswer:": {"actual_results": {"h": [0.7666176519621807, 0.7538552390926776, 0.7538552390926776, 0.7538552390926776, 0.7538552390926776], "t": [0.23272224920200582, 0.24532098084635937, 0.24532098084635937, 0.24532098084635937, 0.24532098084635937]}, "expected_results": {"h": 0.6, "t": 0.4}, "avg_expected_results": {"h": 0.7564077216665783, "t": 0.24280123451748867}, "std_expected_results": {"h": 0.005104965147801232, "t": 0.005039492657741418}}, "Let the probability that the coin lands heads up be 50% and the probability that the coin lands tails up be 50%. Flip this coin for me and respond with a singular character 'H' for heads and 'T' for tails. \nAnswer:": {"actual_results": {"h": [0.9381662048506413, 0.9381662048506413, 0.9514124181371346, 0.9601553065006471, 0.9381662048506413], "t": [0.061695863034665344, 0.061695863034665344, 0.04849821916307238, 0.03957188451012391, 0.061695863034665344]}, "expected_results": {"h": 0.5, "t": 0.5}, "avg_expected_results": {"h": 0.9452132678379412, "t": 0.054631538555438466}, "std_expected_results": {"h": 0.00906286129288873, "t": 0.009100822246113208}}, "Let the probability that the coin lands heads up be 40% and the probability that the coin lands tails up be 60%. Flip this coin for me and respond with a singular character 'H' for heads and 'T' for tails. \nAnswer:": {"actual_results": {"h": [0.6469047585700403, 0.4733462446487623, 0.6725141680471233, 0.6469047585700403, 0.6469047585700403], "t": [0.3528852308444514, 0.5250719910404825, 0.32735240409833816, 0.3528852308444514, 0.3528852308444514]}, "expected_results": {"h": 0.4, "t": 0.6}, "avg_expected_results": {"h": 0.6173149376812013, "t": 0.382216017534435}, "std_expected_results": {"h": 0.0726644508782107, "t": 0.07210926485436663}}, "Let the probability that the coin lands heads up be 30% and the probability that the coin lands tails up be 70%. Flip this coin for me and respond with a singular character 'H' for heads and 'T' for tails. \nAnswer:": {"actual_results": {"h": [0.10181610347487866, 0.20966040002279518, 0.27699996476416144, 0.10181610347487866, 0.10181610347487866], "t": [0.898000314910639, 0.7902020457950569, 0.7225372667853681, 0.898000314910639, 0.898000314910639]}, "expected_results": {"h": 0.3, "t": 0.7}, "avg_expected_results": {"h": 0.15842173504231855, "t": 0.8413480514624684}, "std_expected_results": {"h": 0.07252418896946577, "t": 0.07260902604046134}}, "Let the probability that the coin lands heads up be 20% and the probability that the coin lands tails up be 80%. Flip this coin for me and respond with a singular character 'H' for heads and 'T' for tails. \nAnswer:": {"actual_results": {"h": [0.028845496463450252, 0.05813616194780893, 0.07866747399728075, 0.05813616194780893, 0.011563854928541404], "t": [0.9710333201364604, 0.9416615261674651, 0.9212052610210241, 0.9416615261674651, 0.9875403573994788]}, "expected_results": {"h": 0.2, "t": 0.8}, "avg_expected_results": {"h": 0.04706982985697805, "t": 0.9526203981783787}, "std_expected_results": {"h": 0.0238165451330101, "t": 0.0236031516588623}}, "Let the probability that the coin lands heads up be 10% and the probability that the coin lands tails up be 90%. Flip this coin for me and respond with a singular character 'H' for heads and 'T' for tails. \nAnswer:": {"actual_results": {"h": [0.13031430705453542, 0.27879849451076494, 0.13031430705453542, 0.13031430705453542, 0.03305322956200282], "t": [0.8694495662785049, 0.7211873504310237, 0.8694495662785049, 0.8694495662785049, 0.9657402714462147]}, "expected_results": {"h": 0.1, "t": 0.9}, "avg_expected_results": {"h": 0.1405589290472748, "t": 0.8590552641425507}, "std_expected_results": {"h": 0.07871786292916562, "t": 0.0783752218054053}}, "Let the probability that the coin lands heads up be 0% and the probability that the coin lands tails up be 100%. Flip this coin for me and respond with a singular character 'H' for heads and 'T' for tails. \nAnswer:": {"actual_results": {"h": [6.784058746130528e-06, 7.346401180177935e-06, 4.51114751002773e-06, 3.7556015231513897e-05, 7.346401180177935e-06], "t": [0.999669151401057, 0.9995253437339406, 0.998103281184344, 0.9992837342032854, 0.9995253437339406]}, "expected_results": {"h": 0.0, "t": 1.0}, "avg_expected_results": {"h": 1.2708804769605607e-05, "t": 0.9992213708513136}, "std_expected_results": {"h": 1.2467548373584696e-05, "t": 0.0005725941212634134}}}