{"Let the probability that the coin lands heads up be 100% and the probability that the coin lands tails up be 0%. Flip this coin for me and respond with a singular character 'H' for heads and 'T' for tails. \nAnswer:": {"actual_results": {"h": [0.9999002422493285, 0.9999657832613322, 0.9999322243691195, 0.9998222709528239, 0.9999590835224734], "t": []}, "expected_results": {"h": 1.0, "t": 0.0}, "avg_expected_results": {"h": 0.9999159208710153, "t": null}, "std_expected_results": {"h": 5.2213413707005004e-05, "t": null}}, "Let the probability that the coin lands tails up be 100% and the probability that the coin lands heads up be 0%. Flip this coin for me and respond with a singular character 'H' for heads and 'T' for tails. \nAnswer:": {"actual_results": {"h": [7.76064584332297e-06, 1.728001373049238e-05, 1.813249364834673e-05, 9.55689188877146e-06], "t": [0.9999069912277875, 0.99982713266719, 0.9998584705579755, 0.9997898727694703, 0.9997720816140384]}, "expected_results": {"h": 0.0, "t": 1.0}, "avg_expected_results": {"h": 1.3182511277733384e-05, "t": 0.9998309097672923}, "std_expected_results": {"h": 4.578034309674295e-06, "t": 4.8388095860142806e-05}}, "Let the probability that the coin lands heads up be 90% and the probability that the coin lands tails up be 10%. Flip this coin for me and respond with a singular character 'H' for heads and 'T' for tails. \nAnswer:": {"actual_results": {"h": [0.9998990368816382, 0.999890823068708, 0.999890823068708, 0.9999195717233039, 0.9998958756524259], "t": [1.2540338869982707e-05, 2.0714989278641904e-05, 2.0714989278641904e-05]}, "expected_results": {"h": 0.9, "t": 0.1}, "avg_expected_results": {"h": 0.9998992260789569, "t": 1.799010580908884e-05}, "std_expected_results": {"h": 1.0643566694921433e-05, "t": 3.8535671585282e-06}}, "Let the probability that the coin lands tails up be 90% and the probability that the coin lands heads up be 10%. Flip this coin for me and respond with a singular character 'H' for heads and 'T' for tails. \nAnswer:": {"actual_results": {"h": [0.006144991003506219, 0.0009918040504294555, 0.005417114420742044, 0.0017023527740650283, 0.005417114420742044], "t": [0.9938216625822455, 0.9989729960673756, 0.9945381887443066, 0.9982387526658428, 0.9945381887443066]}, "expected_results": {"h": 0.1, "t": 0.9}, "avg_expected_results": {"h": 0.003934675333896959, "t": 0.9960219577608154}, "std_expected_results": {"h": 0.0021412380556082348, "t": 0.0021385624423561895}}, "Let the probability that the coin lands heads up be 80% and the probability that the coin lands tails up be 20%. Flip this coin for me and respond with a singular character 'H' for heads and 'T' for tails. \nAnswer:": {"actual_results": {"h": [0.9998681777747315, 0.9997725185923922, 0.9998220911908527, 0.9998681777747315, 0.9995665983860049], "t": [6.962276226874486e-05, 5.335333875901997e-05, 0.00019675957618672305]}, "expected_results": {"h": 0.8, "t": 0.2}, "avg_expected_results": {"h": 0.9997795127437425, "t": 0.00010657855907149595}, "std_expected_results": {"h": 0.00011217605937345573, "t": 6.411258545864121e-05}}, "Let the probability that the coin lands tails up be 80% and the probability that the coin lands heads up be 20%. Flip this coin for me and respond with a singular character 'H' for heads and 'T' for tails. \nAnswer:": {"actual_results": {"h": [0.009554242330866495, 0.01201968808354556, 0.009554242330866495, 0.007849852791804675, 0.009086483493869429], "t": [0.9903960843656276, 0.9879371770670236, 0.9903960843656276, 0.9920620066100246, 0.990847363513366]}, "expected_results": {"h": 0.2, "t": 0.8}, "avg_expected_results": {"h": 0.009612901806190531, "t": 0.9903277431843339}, "std_expected_results": {"h": 0.00135535678842355, "t": 0.0013417766066961755}}, "Let the probability that the coin lands heads up be 70% and the probability that the coin lands tails up be 30%. Flip this coin for me and respond with a singular character 'H' for heads and 'T' for tails. \nAnswer:": {"actual_results": {"h": [0.9997145330452412, 0.9998820814339736, 0.9999301635390071, 0.9998929476765306, 0.9998981779783358], "t": [0.00012982683940399554]}, "expected_results": {"h": 0.7, "t": 0.3}, "avg_expected_results": {"h": 0.9998635807346176, "t": 0.00012982683940399554}, "std_expected_results": {"h": 7.622354751086413e-05, "t": 0.0}}, "Let the probability that the coin lands tails up be 70% and the probability that the coin lands heads up be 30%. Flip this coin for me and respond with a singular character 'H' for heads and 'T' for tails. \nAnswer:": {"actual_results": {"h": [0.021708443965436232, 0.02605292064960603, 0.02605292064960603, 0.011621493586209718, 0.011621493586209718], "t": [0.9782517704954955, 0.9739040351655076, 0.9739040351655076, 0.9883208401054006, 0.9883208401054006]}, "expected_results": {"h": 0.3, "t": 0.7}, "avg_expected_results": {"h": 0.01941145448741354, "t": 0.9805403042074623}, "std_expected_results": {"h": 0.006555322843519016, "t": 0.0065481447428020825}}, "Let the probability that the coin lands heads up be 60% and the probability that the coin lands tails up be 40%. Flip this coin for me and respond with a singular character 'H' for heads and 'T' for tails. \nAnswer:": {"actual_results": {"h": [0.9994796654437171, 0.9995635055931834, 0.9994996884294572, 0.9994917425858024, 0.9994074324606678], "t": [0.0003332388692711336, 0.00037424308941200613, 0.00032205442659845296, 0.00033959779380496335, 0.0004943884567949571]}, "expected_results": {"h": 0.6, "t": 0.4}, "avg_expected_results": {"h": 0.9994884069025656, "t": 0.0003727045271763026}, "std_expected_results": {"h": 4.9822658113829985e-05, "t": 6.329039822618571e-05}}, "Let the probability that the coin lands tails up be 60% and the probability that the coin lands heads up be 40%. Flip this coin for me and respond with a singular character 'H' for heads and 'T' for tails. \nAnswer:": {"actual_results": {"h": [0.05162343659096018, 0.15466346568911374, 0.051189477462080066, 0.051189477462080066, 0.051189477462080066], "t": [0.9483322307216931, 0.8452529925190855, 0.948771793876168, 0.948771793876168, 0.948771793876168]}, "expected_results": {"h": 0.4, "t": 0.6}, "avg_expected_results": {"h": 0.07197106693326283, "t": 0.9279801209738565}, "std_expected_results": {"h": 0.04134654098081234, "t": 0.04136391456279328}}, "Let the probability that the coin lands heads up be 50% and the probability that the coin lands tails up be 50%. Flip this coin for me and respond with a singular character 'H' for heads and 'T' for tails. \nAnswer:": {"actual_results": {"h": [0.9444288237615305, 0.9546005092192726, 0.9445819717727607, 0.889013720063541, 0.9533715425023287], "t": [0.05539852556130201, 0.0451957103684697, 0.05524057176132236, 0.10987502449957819, 0.04646652584146039]}, "expected_results": {"h": 0.5, "t": 0.5}, "avg_expected_results": {"h": 0.9371993134638867, "t": 0.06243527160642652}, "std_expected_results": {"h": 0.024466154090832727, "t": 0.02409984634105121}}, "Let the probability that the coin lands tails up be 50% and the probability that the coin lands heads up be 50%. Flip this coin for me and respond with a singular character 'H' for heads and 'T' for tails. \nAnswer:": {"actual_results": {"h": [0.872908953420741, 0.9234845872314057, 0.8698756748641816, 0.8928636640177082, 0.8379839610826337], "t": [0.12696246339881362, 0.07640200803304645, 0.12983272342183702, 0.10697887434942108, 0.16189801160474532]}, "expected_results": {"h": 0.5, "t": 0.5}, "avg_expected_results": {"h": 0.879423368123334, "t": 0.12041481616157271}, "std_expected_results": {"h": 0.028188129006342006, "t": 0.028178275239697466}}, "Let the probability that the coin lands heads up be 40% and the probability that the coin lands tails up be 60%. Flip this coin for me and respond with a singular character 'H' for heads and 'T' for tails. \nAnswer:": {"actual_results": {"h": [0.5018008204187249, 0.6308618285633624, 0.5018008204187249, 0.5018008204187249, 0.3848141168033511],