{"Let the probability that the biased coin lands heads up be 100% and the probability that the coin lands tails up be 0%. Flip this biased coin.\n Answer:": {"actual_results": {"h": [0.999938834499999, 0.9999071255974232, 0.9999071255974232, 0.9999624599445466, 0.9999103780797381], "t": []}, "expected_results": {"h": 1.0, "t": 0.0}, "avg_expected_results": {"h": 0.999925184743826, "t": null}, "std_expected_results": {"h": 2.2123558806598662e-05, "t": null}}, "Let the probability that the biased coin lands heads up be 0% and the probability that the coin lands tails up be 100%. Flip this biased coin.\n Answer:": {"actual_results": {"h": [3.1985784123875015e-05, 0.00011241962905849451, 2.6082420881576297e-05, 3.1985784123875015e-05, 0.00017757704267125062], "t": [0.9999380436204094, 0.9997223856804801, 0.9999057543795424, 0.9999380436204094, 0.9996736773910272]}, "expected_results": {"h": 0.0, "t": 1.0}, "avg_expected_results": {"h": 7.601013217181429e-05, "t": 0.9998355809383737}, "std_expected_results": {"h": 6.0017583371400806e-05, "t": 0.00011397143441962503}}}