{"Let the probability that the coin lands heads up be 0% and the probability that the coin lands tails up be 100%. Flip this coin 30 times and provide the sequence of outputs this biased coin produces. Respond with 30 characters 'H' for heads and 'T' for tails.": {"actual_results": {"h": [0.0, 0.0, 0.0, 0.0, 0.0], "t": [1.0, 1.0, 1.0, 1.0, 1.0]}, "expected_results": {"h": 0.0, "t": 1.0}, "avg_expected_results": {"h": 0.0, "t": 1.0}, "std_expected_results": {"h": 0.0, "t": 0.0}}, "Let the probability that the coin lands heads up be 10% and the probability that the coin lands tails up be 90%. Flip this coin 30 times and provide the sequence of outputs this biased coin produces. Respond with 30 characters 'H' for heads and 'T' for tails.": {"actual_results": {"h": [0.03333333333333333, 0.03333333333333333, 0.03333333333333333, 0.03333333333333333, 0.03333333333333333], "t": [0.9666666666666667, 0.9666666666666667, 0.9666666666666667, 0.9666666666666667, 0.9666666666666667]}, "expected_results": {"h": 0.1, "t": 0.9}, "avg_expected_results": {"h": 0.03333333333333333, "t": 0.9666666666666666}, "std_expected_results": {"h": 0.0, "t": 1.1102230246251565e-16}}, "Let the probability that the coin lands heads up be 20% and the probability that the coin lands tails up be 80%. Flip this coin 30 times and provide the sequence of outputs this biased coin produces. Respond with 30 characters 'H' for heads and 'T' for tails.": {"actual_results": {"h": [0.3333333333333333, 0.3333333333333333, 0.3333333333333333, 0.3333333333333333, 0.3333333333333333], "t": [0.6666666666666666, 0.6666666666666666, 0.6666666666666666, 0.6666666666666666, 0.6666666666666666]}, "expected_results": {"h": 0.2, "t": 0.8}, "avg_expected_results": {"h": 0.3333333333333333, "t": 0.6666666666666666}, "std_expected_results": {"h": 0.0, "t": 0.0}}, "Let the probability that the coin lands heads up be 30% and the probability that the coin lands tails up be 70%. Flip this coin 30 times and provide the sequence of outputs this biased coin produces. Respond with 30 characters 'H' for heads and 'T' for tails.": {"actual_results": {"h": [0.4666666666666667, 0.4666666666666667, 0.4666666666666667, 0.4666666666666667, 0.4666666666666667], "t": [0.5333333333333333, 0.5333333333333333, 0.5333333333333333, 0.5333333333333333, 0.5333333333333333]}, "expected_results": {"h": 0.3, "t": 0.7}, "avg_expected_results": {"h": 0.4666666666666667, "t": 0.5333333333333333}, "std_expected_results": {"h": 0.0, "t": 0.0}}, "Let the probability that the coin lands heads up be 40% and the probability that the coin lands tails up be 60%. Flip this coin 30 times and provide the sequence of outputs this biased coin produces. Respond with 30 characters 'H' for heads and 'T' for tails.": {"actual_results": {"h": [0.4666666666666667, 0.4666666666666667, 0.4666666666666667, 0.4666666666666667, 0.4666666666666667], "t": [0.5333333333333333, 0.5333333333333333, 0.5333333333333333, 0.5333333333333333, 0.5333333333333333]}, "expected_results": {"h": 0.4, "t": 0.6}, "avg_expected_results": {"h": 0.4666666666666667, "t": 0.5333333333333333}, "std_expected_results": {"h": 0.0, "t": 0.0}}, "Let the probability that the coin lands heads up be 50% and the probability that the coin lands tails up be 50%. Flip this coin 30 times and provide the sequence of outputs this biased coin produces. Respond with 30 characters 'H' for heads and 'T' for tails.": {"actual_results": {"h": [0.4482758620689655, 0.4482758620689655, 0.4482758620689655, 0.4482758620689655, 0.4482758620689655], "t": [0.5517241379310345, 0.5517241379310345, 0.5517241379310345, 0.5517241379310345, 0.5517241379310345]}, "expected_results": {"h": 0.5, "t": 0.5}, "avg_expected_results": {"h": 0.44827586206896547, "t": 0.5517241379310345}, "std_expected_results": {"h": 5.551115123125783e-17, "t": 0.0}}, "Let the probability that the coin lands heads up be 60% and the probability that the coin lands tails up be 40%. Flip this coin 30 times and provide the sequence of outputs this biased coin produces. Respond with 30 characters 'H' for heads and 'T' for tails.": {"actual_results": {"h": [0.43333333333333335, 0.43333333333333335, 0.43333333333333335, 0.43333333333333335, 0.43333333333333335], "t": [0.5666666666666667, 0.5666666666666667, 0.5666666666666667, 0.5666666666666667, 0.5666666666666667]}, "expected_results": {"h": 0.6, "t": 0.4}, "avg_expected_results": {"h": 0.4333333333333334, "t": 0.5666666666666667}, "std_expected_results": {"h": 5.551115123125783e-17, "t": 0.0}}, "Let the probability that the coin lands heads up be 70% and the probability that the coin lands tails up be 30%. Flip this coin 30 times and provide the sequence of outputs this biased coin produces. Respond with 30 characters 'H' for heads and 'T' for tails.": {"actual_results": {"h": [0.5666666666666667, 0.5666666666666667, 0.5666666666666667, 0.5666666666666667, 0.5666666666666667], "t": [0.43333333333333335, 0.43333333333333335, 0.43333333333333335, 0.43333333333333335, 0.43333333333333335]}, "expected_results": {"h": 0.7, "t": 0.3}, "avg_expected_results": {"h": 0.5666666666666667, "t": 0.4333333333333334}, "std_expected_results": {"h": 0.0, "t": 5.551115123125783e-17}}, "Let the probability that the coin lands heads up be 80% and the probability that the coin lands tails up be 20%. Flip this coin 30 times and provide the sequence of outputs this biased coin produces. Respond with 30 characters 'H' for heads and 'T' for tails.": {"actual_results": {"h": [0.6, 0.6, 0.6, 0.6, 0.6], "t": [0.4, 0.4, 0.4, 0.4, 0.4]}, "expected_results": {"h": 0.8, "t": 0.2}, "avg_expected_results": {"h": 0.6, "t": 0.4}, "std_expected_results": {"h": 0.0, "t": 0.0}}, "Let the probability that the coin lands heads up be 90% and the probability that the coin lands tails up be 10%. Flip this coin 30 times and provide the sequence of outputs this biased coin produces. Respond with 30 characters 'H' for heads and 'T' for tails.": {"actual_results": {"h": [0.8333333333333334, 0.8333333333333334, 0.8333333333333334, 0.8333333333333334, 0.8333333333333334], "t": [0.16666666666666666, 0.16666666666666666, 0.16666666666666666, 0.16666666666666666, 0.16666666666666666]}, "expected_results": {"h": 0.9, "t": 0.1}, "avg_expected_results": {"h": 0.8333333333333334, "t": 0.16666666666666666}, "std_expected_results": {"h": 0.0, "t": 0.0}}, "Let the probability that the coin lands heads up be 100% and the probability that the coin lands tails up be 0%. Flip this coin 30 times and provide the sequence of outputs this biased coin produces. Respond with 30 characters 'H' for heads and 'T' for tails.": {"actual_results": {"h": [1.0, 1.0, 1.0, 1.0, 1.0], "t": [0.0, 0.0, 0.0, 0.0, 0.0]}, "expected_results": {"h": 1.0, "t": 0.0}, "avg_expected_results": {"h": 1.0, "t": 0.0}, "std_expected_results": {"h": 0.0, "t": 0.0}}}