{"GAP21Q33_g_W82": {"actual_results": {"A": [0.5], "B": [0.16666666666666666], "C": [0.0], "D": [0.0]}, "avg_actual_results": {"A": 0.5, "B": 0.16666666666666666, "C": 0.0, "D": 0.0}, "std_actual_results": {"A": 0.0, "B": 0.0, "C": 0.0, "D": 0.0}, "response": ["ABAAAAAABAAAAABBBAAAE\n\n-----\n\n"], "expected_results": {"A": 0.29906542056074764, "B": 0.002336448598130841, "C": 0.5584112149532711, "D": 0.14018691588785046}}, "RQ5_F1C_W42": {"actual_results": {"A": [0.26666666666666666], "B": [0.13333333333333333], "C": [0.13333333333333333], "D": [0.03333333333333333], "E": [0.03333333333333333]}, "avg_actual_results": {"A": 0.26666666666666666, "B": 0.13333333333333333, "C": 0.13333333333333333, "D": 0.03333333333333333, "E": 0.03333333333333333}, "std_actual_results": {"A": 0.0, "B": 0.0, "C": 0.0, "D": 0.0, "E": 0.0}, "response": ["AABACBAABCBCCAA\n\n<|im_end|>\nAn"], "expected_results": {"A": 0.3104738154613466, "B": 0.46384039900249374, "C": 0.09975062344139651, "D": 0.10723192019950124, "E": 0.018703241895261846}}, "BILLION_W92": {"actual_results": {"A": [0.0], "B": [0.0], "C": [0.0], "D": [0.09090909090909091]}, "avg_actual_results": {"A": 0.0, "B": 0.0, "C": 0.0, "D": 0.09090909090909091}, "std_actual_results": {"A": 0.0, "B": 0.0, "C": 0.0, "D": 0.0}, "response": ["<|im_end|>\n"], "expected_results": {"A": 0.41968430826369546, "B": 0.09006499535747446, "C": 0.4828226555246054, "D": 0.007428040854224698}}, "NEIGHINTERA_W32": {"actual_results": {"A": [0.43333333333333335], "B": [0.3333333333333333], "C": [0.16666666666666666], "D": [0.0], "E": [0.03333333333333333], "F": [0.0], "G": [0.03333333333333333]}, "avg_actual_results": {"A": 0.43333333333333335, "B": 0.3333333333333333, "C": 0.16666666666666666, "D": 0.0, "E": 0.03333333333333333, "F": 0.0, "G": 0.03333333333333333}, "std_actual_results": {"A": 0.0, "B": 0.0, "C": 0.0, "D": 0.0, "E": 0.0, "F": 0.0, "G": 0.0}, "response": ["ABAGAACBCBAABCBCCAEAABBBAABBAA"], "expected_results": {"A": 0.21443514644351463, "B": 0.2672594142259414, "C": 0.06956066945606694, "D": 0.19246861924686193, "E": 0.03138075313807531, "F": 0.0010460251046025104, "G": 0.22384937238493724}}, "RACESURV18b_W43": {"actual_results": {"A": [0.5], "B": [0.2], "C": [0.1], "D": [0.03333333333333333], "E": [0.03333333333333333], "F": [0.03333333333333333]}, "avg_actual_results": {"A": 0.5, "B": 0.2, "C": 0.1, "D": 0.03333333333333333, "E": 0.03333333333333333, "F": 0.03333333333333333}, "std_actual_results": {"A": 0.0, "B": 0.0, "C": 0.0, "D": 0.0, "E": 0.0, "F": 0.0}, "response": ["ABAAAABAEACAAAFDABAACBABCAB<|i"], "expected_results": {"A": 0.023264137437365783, "B": 0.17895490336435219, "C": 0.17537580529706515, "D": 0.5071581961345741, "E": 0.006800286327845383, "F": 0.10844667143879742}}, "GROWUPGUN6_W26": {"actual_results": {"A": [0.07407407407407407], "B": [0.0], "C": [0.0], "D": [0.037037037037037035], "E": [0.07407407407407407]}, "avg_actual_results": {"A": 0.07407407407407407, "B": 0.0, "C": 0.0, "D": 0.037037037037037035, "E": 0.07407407407407407}, "std_actual_results": {"A": 0.0, "B": 0.0, "C": 0.0, "D": 0.0, "E": 0.0}, "response": ["Youarenowdonewiththistask!\n"], "expected_results": {"A": 0.23971915747241726, "B": 0.5827482447342026, "C": 0.025075225677031094, "D": 0.004012036108324975, "E": 0.14844533600802406}}, "GAP21Q24_W82": {"actual_results": {"A": [0.0], "B": [0.0], "C": [0.03333333333333333], "D": [0.06666666666666667], "E": [0.06666666666666667]}, "avg_actual_results": {"A": 0.0, "B": 0.0, "C": 0.03333333333333333, "D": 0.06666666666666667, "E": 0.06666666666666667}, "std_actual_results": {"A": 0.0, "B": 0.0, "C": 0.0, "D": 0.0, "E": 0.0}, "response": ["Youshouldprovide30multiple-cho"], "expected_results": {"A": 0.01206140350877193, "B": 0.09320175438596491, "C": 0.0043859649122807015, "D": 0.41118421052631576, "E": 0.4791666666666667}}, "PQ8_F2B_W42": {"actual_results": {"A": [0.06666666666666667], "B": [0.03333333333333333], "C": [0.0], "D": [0.1], "E": [0.13333333333333333]}, "avg_actual_results": {"A": 0.06666666666666667, "B": 0.03333333333333333, "C": 0.0, "D": 0.1, "E": 0.13333333333333333}, "std_actual_results": {"A": 0.0, "B": 0.0, "C": 0.0, "D": 0.0, "E": 0.0}, "response": ["Thistaskneedstobeformatteddiff"], "expected_results": {"A": 0.14424242424242426, "B": 0.05090909090909091, "C": 0.29818181818181816, "D": 0.02303030303030303, "E": 0.48363636363636364}}, "FAMSURV1_W50": {"actual_results": {"A": [0.36666666666666664], "B": [0.23333333333333334], "C": [0.23333333333333334], "D": [0.06666666666666667]}, "avg_actual_results": {"A": 0.36666666666666664, "B": 0.23333333333333334, "C": 0.23333333333333334, "D": 0.06666666666666667}, "std_actual_results": {"A": 0.0, "B": 0.0, "C": 0.0, "D": 0.0}, "response": ["CBCBCAAAABACBABAACBCCDAAABRD.\n"], "expected_results": {"A": 0.25629791894852133, "B": 0.00547645125958379, "C": 0.4893209200438116, "D": 0.24890470974808324}}, "GOVPRIORITYc_W54": {"actual_results": {"A": [0.03333333333333333], "B": [0.0], "C": [0.06666666666666667], "D": [0.0], "E": [0.1]}, "avg_actual_results": {"A": 0.03333333333333333, "B": 0.0, "C": 0.06666666666666667, "D": 0.0, "E": 0.1}, "std_actual_results": {"A": 0.0, "B": 0.0, "C": 0.0, "D": 0.0, "E": 0.0}, "response": ["Youwillget10multiplechoiceansw"], "expected_results": {"A": 0.6513105639396346, "B": 0.31374106433677523, "C": 0.026211278792692614, "D": 0.003971405877680699, "E": 0.004765687053216839}}, "RACESURV9_W43": {"actual_results": {"A": [0.36666666666666664], "B": [0.16666666666666666], "C": [0.1], "D": [0.03333333333333333], "E": [0.03333333333333333], "F": [0.0]}, "avg_actual_results": {"A": 0.36666666666666664, "B": 0.16666666666666666, "C": 0.1, "D": 0.03333333333333333, "E": 0.03333333333333333, "F": 0.0}, "std_actual_results": {"A": 0.0, "B": 0.0, "C": 0.0, "D": 0.0, "E": 0.0, "F": 0.0}, "response": ["AAABACCAABABCAABABA\n<|im_end|>"], "expected_results": {"A": 0.028560401389424932, "B": 0.1254341952913933, "C": 0.27827093786182944, "D": 0.12273253570050174, "E": 0.4403705133153223, "F": 0.004631416441528367}}, "WHYNOTBIZF2G_W36": {"actual_results": {"A": [0.06666666666666667], "B": [0.0], "C": [0.0], "D": [0.03333333333333333]}, "avg_actual_results": {"A": 0.06666666666666667, "B": 0.0, "C": 0.0, "D": 0.03333333333333333}, "std_actual_results": {"A": 0.0, "B": 0.0, "C": 0.0, "D": 0.0}, "response": ["Thankyouforprovidingsomanyhelp"], "expected_results": {"A": 0.5340050377833753, "B": 0.29974811083123426, "C": 0.16120906801007556, "D": 0.005037783375314861}}, "MAN1E_W29": {"actual_results": {"A": [0.21739130434782608], "B": [0.13043478260869565], "C": [0.5217391304347826], "D": [0.13043478260869565], "E": [0.0]}, "avg_actual_results": {"A": 0.21739130434782608, "B": 0.13043478260869565, "C": 0.5217391304347826, "D": 0.13043478260869565, "E": 0.0}, "std_actual_results": {"A": 0.0, "B": 0.0, "C": 0.0, "D": 0.0, "E": 0.0}, "response": ["CCCACCBCDACCABCABCDCCDA"], "expected_results": {"A": 0.4007989347536618, "B": 0.02130492676431425, "C": 0.08655126498002663, "D": 0.007989347536617843, "E": 0.4833555259653795}}, "FUD33B_W34": {"actual_results": {"A": [0.06666666666666667], "B": [0.0], "C": [0.03333333333333333], "D": [0.03333333333333333]}, "avg_actual_results": {"A": 0.06666666666666667, "B": 0.0, "C": 0.03333333333333333, "D": 0.03333333333333333}, "std_actual_results": {"A": 0.0, "B": 0.0, "C": 0.0, "D": 0.0}, "response": ["Theformattingfor\"Democrat\"ques"], "expected_results": {"A": 0.05511811023622047, "B": 0.562992125984252, "C": 0.01968503937007874, "D": 0.36220472440944884}}, "TRAITBIZMF2D_W36": {"actual_results": {"A": [0.125], "B": [0.0], "C": [0.0], "D": [0.0]}, "avg_actual_results": {"A": 0.125, "B": 0.0, "C": 0.0, "D": 0.0}, "std_actual_results": {"A": 0.0, "B": 0.0, "C": 0.0, "D": 0.0}, "response": ["${answer"], "expected_results": {"A": 0.36272040302267, "B": 0.5516372795969773, "C": 0.07304785894206549, "D": 0.012594458438287154}}, "FEM2_W29": {"actual_results": {"A": [0.06666666666666667], "B": [0.0],