{"humans": {"Democrat": {"nosteer_avg": [0.2995070921985814, 0.24697517730496463, 0.25257092198581577, 0.2009468085106383], "persona_avg": [0.20018085106382974, 0.238936170212766, 0.2971595744680851, 0.2637234042553192], "fewshot_avg": [0.2802943262411347, 0.2568014184397162, 0.25958510638297866, 0.20331914893617026], "gt_avg": [0.3284471948540519, 0.2801229136671464, 0.27122633450543343, 0.12020355697336801], "nosteer_bs": [0.013023758865248258, 0.006718528368794316, 0.008351196808510625, 0.007830718085106395], "persona_bs": [0.013584441489361707, 0.008948138297872318, 0.009783111702127645, 0.012427925531914935], "fewshot_bs": [0.010440558510638326, 0.006835815602836887, 0.007452260638297875, 0.009007757092198587], "gt_bs": [0.01730421681550559, 0.014918421418586125, 0.015987305952616243, 0.010808639310520791]}, "Republican": {"nosteer_avg": [0.2995070921985814, 0.24697517730496463, 0.25257092198581577, 0.2009468085106383], "persona_avg": [0.306127659574468, 0.25857446808510637, 0.2415957446808512, 0.19370212765957445], "fewshot_avg": [0.2864078014184397, 0.25704964539007097, 0.25729432624113485, 0.19924822695035463], "gt_avg": [0.29439391919515095, 0.2774014040106522, 0.2893222940538664, 0.1388823827403302], "nosteer_bs": [0.012833687943262423, 0.006792198581560258, 0.008563563829787235, 0.008604920212765974], "persona_bs": [0.016165425531914884, 0.008821941489361718, 0.009677925531914905, 0.013359840425531927], "fewshot_bs": [0.009762500000000007, 0.006519902482269496, 0.00830837765957447, 0.009105762411347515], "gt_bs": [0.018355896030491342, 0.014680648645236383, 0.015509186765411687, 0.012800554492980454]}, "Male": {"nosteer_avg": [0.2995070921985814, 0.24697517730496463, 0.25257092198581577, 0.2009468085106383], "persona_avg": [0.277691489361702, 0.2528989361702127, 0.2550691489361703, 0.21434042553191487], "fewshot_avg": [0.286340425531915, 0.2570567375886525, 0.25407446808510625, 0.20252836879432634], "gt_avg": [0.2949194128085004, 0.2825773591556907, 0.2887244010422799, 0.13377882699352892], "nosteer_bs": [0.01322947695035459, 0.006670700354609954, 0.008605407801418413, 0.008226329787234046], "persona_bs": [0.017825930851063848, 0.008391755319148916, 0.010175265957446819, 0.01262486702127659], "fewshot_bs": [0.011680319148936164, 0.007076640070922013, 0.008767819148936179, 0.009939051418439718], "gt_bs": [0.01914713161141121, 0.01480208171947675, 0.018388155501013526, 0.012719104053228542]}, "Female": {"nosteer_avg": [0.2995070921985814, 0.24697517730496463, 0.25257092198581577, 0.2009468085106383], "persona_avg": [0.22397872340425531, 0.23771276595744661, 0.2802127659574468, 0.25809574468085106], "fewshot_avg": [0.27462765957446816, 0.24915602836879436, 0.26277304964539006, 0.2134432624113475], "gt_avg": [0.31548650737207623, 0.2764794540238141, 0.2799180396850006, 0.1281159989191088], "nosteer_bs": [0.012756028368794331, 0.006986702127659547, 0.008317508865248235, 0.007990292553191489], "persona_bs": [0.014075797872340423, 0.008421542553191483, 0.009697340425531886, 0.014326462765957448], "fewshot_bs": [0.010433909574468103, 0.007009707446808497, 0.007805230496453902, 0.01020084219858157], "gt_bs": [0.016063437751846377, 0.013396183646533916, 0.015874789230038322, 0.011175036831273619]}}, "gpt-3.5-turbo-0125": {"sequence": {"Democrat": {"nosteer_avg": [0.3291948976541787, 0.26980839029995285, 0.25925529973952555, 0.14174141230634268], "persona_avg": [0.34366816358012253, 0.25632834869812104, 0.27520787926510576, 0.1247956084566504], "fewshot_avg": [0.32238498177456326, 0.2811835329964455, 0.3125063986854157, 0.08378324257194399]}, "Republican": {"nosteer_avg": [0.3291948976541787, 0.26980839029995285, 0.25925529973952555, 0.14174141230634268], "persona_avg": [0.37388110272923136, 0.28902206431920263, 0.22319207463007884, 0.11390475832148611], "fewshot_avg": [0.2723351228809775, 0.26030905335527493, 0.33062350760296483, 0.1360230963026268]}, "Male": {"nosteer_avg": [0.3291948976541787, 0.26980839029995285, 0.25925529973952555, 0.14174141230634268], "persona_avg": [0.36900443460237997, 0.27993510388961584, 0.22107304179204382, 0.12715054028333564], "fewshot_avg": [0.2920562293607047, 0.28520186204925735, 0.31521239269955315, 0.10752951589048436]}, "Female": {"nosteer_avg": [0.3291948976541787, 0.26980839029995285, 0.25925529973952555, 0.14174141230634268], "persona_avg": [0.3068136018759642, 0.26068462066994696, 0.2948477164529987, 0.13680299717130243], "fewshot_avg": [0.277880808900618, 0.2535418053319738, 0.3417057348238565, 0.1268716509435512]}}, "model_logprobs": {"Democrat": {"nosteer_avg": [0.0009889919009657669, 0.009133127807074069, 0.15210529615405796, 0.837763538284409], "persona_avg": [0.004894437519885979, 0.040127950889851646, 0.42261326544109085, 0.5323054682119527], "fewshot_avg": [0.0744962786032934, 0.39978487421427394, 0.5150007803829967, 0.010680510945200422]}, "Republican": {"nosteer_avg": [0.0009889919009657669, 0.009133127807074069, 0.15210529615405796, 0.837763538284409], "persona_avg": [0.30326635393115664, 0.2822697491386471, 0.20587429187651735, 0.20806054293705226], "fewshot_avg": [0.1254680843335538, 0.45798694121395594, 0.4012965532373227, 0.01519093388825372]}, "Male": {"nosteer_avg": [0.0009889919009657669, 0.009133127807074069, 0.15210529615405796, 0.837763538284409], "persona_avg": [0.018518121098111545, 0.20050546968132688, 0.5635763073489695, 0.21733557498309775], "fewshot_avg": [0.0657887842702279, 0.44365200826161943, 0.4746405923343822, 0.01587381056276197]}, "Female": {"nosteer_avg": [0.0009889919009657669, 0.009133127807074069, 0.15210529615405796, 0.837763538284409], "persona_avg": [0.004317227281192503, 0.047694807757471404, 0.7858111660048646, 0.1621428739472741], "fewshot_avg": [0.061899802140984096, 0.30793637239015864, 0.611483771330079, 0.018628923766722556]}}, "express_distribution": {"Democrat": {"nosteer_avg": [0.2309361702127664, 0.24885106382978717, 0.3713617021276597, 0.1488510638297871], "persona_avg": [0.17838297872340447, 0.23382978723404244, 0.4340851063829797, 0.15370212765957433], "fewshot_avg": [0.2724255319148937, 0.2928936170212764, 0.2911914893617021, 0.13817021276595765]}, "Republican": {"nosteer_avg": [0.2309361702127664, 0.24885106382978717, 0.3713617021276597, 0.1488510638297871], "persona_avg": [0.3408510638297872, 0.2525106382978722, 0.29255319148936165, 0.11408510638297889], "fewshot_avg": [0.23199999999999996, 0.28927659574468095, 0.3227659574468086, 0.1547234042553191]}, "Male": {"nosteer_avg": [0.2309361702127664, 0.24885106382978717, 0.3713617021276597, 0.1488510638297871], "persona_avg": [0.24774468085106394, 0.23668085106382983, 0.3731063829787235, 0.1424680851063828], "fewshot_avg": [0.2403404255319148, 0.30280851063829795, 0.3064680851063829, 0.14991489361702134]}, "Female": {"nosteer_avg": [0.2309361702127664, 0.24885106382978717, 0.3713617021276597, 0.1488510638297871], "persona_avg": [0.17387234042553198, 0.23157446808510632, 0.43702127659574586, 0.15753191489361676], "fewshot_avg": [0.26834042553191484, 0.2728510638297872, 0.3105106382978724, 0.14765957446808514]}}}, "gpt-4": {"sequence": {"Democrat": {"nosteer_avg": [0.29766846397807484, 0.3154399142880432, 0.20447421848008812, 0.1824174032537936], "persona_avg": [0.1816829899808622, 0.2888015853606461, 0.2952663165209017, 0.2342491081375895], "fewshot_avg": [0.2826423613070714, 0.34183494177624746, 0.2765648926764114, 0.0989578042402694]}, "Republican": {"nosteer_avg": [0.29766846397807484, 0.3154399142880432, 0.20447421848008812, 0.1824174032537936], "persona_avg": [0.3478996181123836, 0.44376432078559735, 0.15032187670485556, 0.05801418439716309], "fewshot_avg": [0.2940603710302903, 0.36362855046640774, 0.2647790238619291, 0.07753205464137229]}, "Male": {"nosteer_avg": [0.29766846397807484, 0.3154399142880432, 0.20447421848008812, 0.1824174032537936], "persona_avg": [0.3067598407950569, 0.3742071330479248, 0.17853469103652522, 0.14034635943660165],