{"Democrat": {"nosteer_avg": [0.2995070921985814, 0.24697517730496463, 0.25257092198581577, 0.2009468085106383], "persona_avg": [0.20018085106382974, 0.238936170212766, 0.2971595744680851, 0.2637234042553192], "fewshot_avg": [0.2802943262411347, 0.2568014184397162, 0.25958510638297866, 0.20331914893617026], "gt_avg": [0.3284471948540519, 0.2801229136671464, 0.27122633450543343, 0.12020355697336801], "nosteer_bs": [0.013023758865248258, 0.006718528368794316, 0.008351196808510625, 0.007830718085106395], "persona_bs": [0.013584441489361707, 0.008948138297872318, 0.009783111702127645, 0.012427925531914935], "fewshot_bs": [0.010440558510638326, 0.006835815602836887, 0.007452260638297875, 0.009007757092198587], "gt_bs": [0.01730421681550559, 0.014918421418586125, 0.015987305952616243, 0.010808639310520791]}, "Republican": {"nosteer_avg": [0.2995070921985814, 0.24697517730496463, 0.25257092198581577, 0.2009468085106383], "persona_avg": [0.306127659574468, 0.25857446808510637, 0.2415957446808512, 0.19370212765957445], "fewshot_avg": [0.2864078014184397, 0.25704964539007097, 0.25729432624113485, 0.19924822695035463], "gt_avg": [0.29439391919515095, 0.2774014040106522, 0.2893222940538664, 0.1388823827403302], "nosteer_bs": [0.012833687943262423, 0.006792198581560258, 0.008563563829787235, 0.008604920212765974], "persona_bs": [0.016165425531914884, 0.008821941489361718, 0.009677925531914905, 0.013359840425531927], "fewshot_bs": [0.009762500000000007, 0.006519902482269496, 0.00830837765957447, 0.009105762411347515], "gt_bs": [0.018355896030491342, 0.014680648645236383, 0.015509186765411687, 0.012800554492980454]}, "Male": {"nosteer_avg": [0.2995070921985814, 0.24697517730496463, 0.25257092198581577, 0.2009468085106383], "persona_avg": [0.277691489361702, 0.2528989361702127, 0.2550691489361703, 0.21434042553191487], "fewshot_avg": [0.286340425531915, 0.2570567375886525, 0.25407446808510625, 0.20252836879432634], "gt_avg": [0.2949194128085004, 0.2825773591556907, 0.2887244010422799, 0.13377882699352892], "nosteer_bs": [0.01322947695035459, 0.006670700354609954, 0.008605407801418413, 0.008226329787234046], "persona_bs": [0.017825930851063848, 0.008391755319148916, 0.010175265957446819, 0.01262486702127659], "fewshot_bs": [0.011680319148936164, 0.007076640070922013, 0.008767819148936179, 0.009939051418439718], "gt_bs": [0.01914713161141121, 0.01480208171947675, 0.018388155501013526, 0.012719104053228542]}, "Female": {"nosteer_avg": [0.2995070921985814, 0.24697517730496463, 0.25257092198581577, 0.2009468085106383], "persona_avg": [0.22397872340425531, 0.23771276595744661, 0.2802127659574468, 0.25809574468085106], "fewshot_avg": [0.27462765957446816, 0.24915602836879436, 0.26277304964539006, 0.2134432624113475], "gt_avg": [0.31548650737207623, 0.2764794540238141, 0.2799180396850006, 0.1281159989191088], "nosteer_bs": [0.012756028368794331, 0.006986702127659547, 0.008317508865248235, 0.007990292553191489], "persona_bs": [0.014075797872340423, 0.008421542553191483, 0.009697340425531886, 0.014326462765957448], "fewshot_bs": [0.010433909574468103, 0.007009707446808497, 0.007805230496453902, 0.01020084219858157], "gt_bs": [0.016063437751846377, 0.013396183646533916, 0.015874789230038322, 0.011175036831273619]}}