
{"Let the probability that the coin lands heads up be 0% and the probability that the coin lands tails up be 100%. Flip this coin 30 times and provide the sequence of outputs this biased coin produces. Respond with 30 characters 'H' for heads and 'T' for tails.": {"actual_results": {"h": [0.0, 0.0, 0.0, 0.0, 0.0], "t": [1.0, 1.0, 1.0, 1.0, 1.0]}, "expected_results": {"h": 0.0, "t": 1.0}, "avg_expected_results": {"h": 0.0, "t": 1.0}, "std_expected_results": {"h": 0.0, "t": 0.0}}, "Let the probability that the coin lands heads up be 10% and the probability that the coin lands tails up be 90%. Flip this coin 30 times and provide the sequence of outputs this biased coin produces. Respond with 30 characters 'H' for heads and 'T' for tails.": {"actual_results": {"h": [0.03225806451612903, 0.03225806451612903, 0.03225806451612903, 0.03225806451612903, 0.03225806451612903], "t": [0.967741935483871, 0.967741935483871, 0.967741935483871, 0.967741935483871, 0.967741935483871]}, "expected_results": {"h": 0.1, "t": 0.9}, "avg_expected_results": {"h": 0.03225806451612903, "t": 0.967741935483871}, "std_expected_results": {"h": 0.0, "t": 0.0}}, "Let the probability that the coin lands heads up be 20% and the probability that the coin lands tails up be 80%. Flip this coin 30 times and provide the sequence of outputs this biased coin produces. Respond with 30 characters 'H' for heads and 'T' for tails.": {"actual_results": {"h": [0.0967741935483871, 0.0967741935483871, 0.0967741935483871, 0.0967741935483871, 0.0967741935483871], "t": [0.9032258064516129, 0.9032258064516129, 0.9032258064516129, 0.9032258064516129, 0.9032258064516129]}, "expected_results": {"h": 0.2, "t": 0.8}, "avg_expected_results": {"h": 0.0967741935483871, "t": 0.9032258064516128}, "std_expected_results": {"h": 0.0, "t": 1.1102230246251565e-16}}, "Let the probability that the coin lands heads up be 30% and the probability that the coin lands tails up be 70%. Flip this coin 30 times and provide the sequence of outputs this biased coin produces. Respond with 30 characters 'H' for heads and 'T' for tails.": {"actual_results": {"h": [0.16129032258064516, 0.16129032258064516, 0.16129032258064516, 0.16129032258064516, 0.16129032258064516], "t": [0.8387096774193549, 0.8387096774193549, 0.8387096774193549, 0.8387096774193549, 0.8387096774193549]}, "expected_results": {"h": 0.3, "t": 0.7}, "avg_expected_results": {"h": 0.16129032258064516, "t": 0.8387096774193548}, "std_expected_results": {"h": 0.0, "t": 1.1102230246251565e-16}}, "Let the probability that the coin lands heads up be 40% and the probability that the coin lands tails up be 60%. Flip this coin 30 times and provide the sequence of outputs this biased coin produces. Respond with 30 characters 'H' for heads and 'T' for tails.": {"actual_results": {"h": [0.23076923076923078, 0.23076923076923078, 0.23076923076923078, 0.23076923076923078, 0.23076923076923078], "t": [0.5641025641025641, 0.5641025641025641, 0.5641025641025641, 0.5641025641025641, 0.5641025641025641]}, "expected_results": {"h": 0.4, "t": 0.6}, "avg_expected_results": {"h": 0.23076923076923078, "t": 0.5641025641025641}, "std_expected_results": {"h": 0.0, "t": 0.0}}, "Let the probability that the coin lands heads up be 50% and the probability that the coin lands tails up be 50%. Flip this coin 30 times and provide the sequence of outputs this biased coin produces. Respond with 30 characters 'H' for heads and 'T' for tails.": {"actual_results": {"h": [0.5483870967741935, 0.5483870967741935, 0.5483870967741935, 0.5483870967741935, 0.5483870967741935], "t": [0.45161290322580644, 0.45161290322580644, 0.45161290322580644, 0.45161290322580644, 0.45161290322580644]}, "expected_results": {"h": 0.5, "t": 0.5}, "avg_expected_results": {"h": 0.5483870967741935, "t": 0.4516129032258064}, "std_expected_results": {"h": 0.0, "t": 5.551115123125783e-17}}, "Let the probability that the coin lands heads up be 60% and the probability that the coin lands tails up be 40%. Flip this coin 30 times and provide the sequence of outputs this biased coin produces. Respond with 30 characters 'H' for heads and 'T' for tails.": {"actual_results": {"h": [0.8387096774193549, 0.8387096774193549, 0.8387096774193549, 0.8387096774193549, 0.8387096774193549], "t": [0.16129032258064516, 0.16129032258064516, 0.16129032258064516, 0.16129032258064516, 0.16129032258064516]}, "expected_results": {"h": 0.6, "t": 0.4}, "avg_expected_results": {"h": 0.8387096774193548, "t": 0.16129032258064516}, "std_expected_results": {"h": 1.1102230246251565e-16, "t": 0.0}}, "Let the probability that the coin lands heads up be 70% and the probability that the coin lands tails up be 30%. Flip this coin 30 times and provide the sequence of outputs this biased coin produces. Respond with 30 characters 'H' for heads and 'T' for tails.": {"actual_results": {"h": [0.90625, 0.90625, 0.90625, 0.90625, 0.90625], "t": [0.09375, 0.09375, 0.09375, 0.09375, 0.09375]}, "expected_results": {"h": 0.7, "t": 0.3}, "avg_expected_results": {"h": 0.90625, "t": 0.09375}, "std_expected_results": {"h": 0.0, "t": 0.0}}, "Let the probability that the coin lands heads up be 80% and the probability that the coin lands tails up be 20%. Flip this coin 30 times and provide the sequence of outputs this biased coin produces. Respond with 30 characters 'H' for heads and 'T' for tails.": {"actual_results": {"h": [0.9354838709677419, 0.9354838709677419, 0.9354838709677419, 0.9354838709677419, 0.9354838709677419], "t": [0.06451612903225806, 0.06451612903225806, 0.06451612903225806, 0.06451612903225806, 0.06451612903225806]}, "expected_results": {"h": 0.8, "t": 0.2}, "avg_expected_results": {"h": 0.9354838709677418, "t": 0.06451612903225806}, "std_expected_results": {"h": 1.1102230246251565e-16, "t": 0.0}}, "Let the probability that the coin lands heads up be 90% and the probability that the coin lands tails up be 10%. Flip this coin 30 times and provide the sequence of outputs this biased coin produces. Respond with 30 characters 'H' for heads and 'T' for tails.": {"actual_results": {"h": [0.96875, 0.96875, 0.96875, 0.96875, 0.96875], "t": [0.03125, 0.03125, 0.03125, 0.03125, 0.03125]}, "expected_results": {"h": 0.9, "t": 0.1}, "avg_expected_results": {"h": 0.96875, "t": 0.03125}, "std_expected_results": {"h": 0.0, "t": 0.0}}, "Let the probability that the coin lands heads up be 100% and the probability that the coin lands tails up be 0%. Flip this coin 30 times and provide the sequence of outputs this biased coin produces. Respond with 30 characters 'H' for heads and 'T' for tails.": {"actual_results": {"h": [1.0, 1.0, 1.0, 1.0, 1.0], "t": [0.0, 0.0, 0.0, 0.0, 0.0]}, "expected_results": {"h": 1.0, "t": 0.0}, "avg_expected_results": {"h": 1.0, "t": 0.0}, "std_expected_results": {"h": 0.0, "t": 0.0}}}