{"Let the probability that the coin lands tails up be 0% and the probability that the coin lands heads up be 100%. Flip this coin 30 times and provide the sequence of outputs this biased coin produces. Respond with 30 characters 'H' for heads and 'T' for tails.": {"actual_results": {"h": [1.0, 1.0, 1.0, 1.0, 1.0], "t": [0.0, 0.0, 0.0, 0.0, 0.0]}, "expected_results": {"h": 1.0, "t": 0.0}, "avg_expected_results": {"h": 1.0, "t": 0.0}, "std_expected_results": {"h": 0.0, "t": 0.0}}, "Let the probability that the coin lands tails up be 10% and the probability that the coin lands heads up be 90%. Flip this coin 30 times and provide the sequence of outputs this biased coin produces. Respond with 30 characters 'H' for heads and 'T' for tails.": {"actual_results": {"h": [0.7567567567567568, 0.7567567567567568, 0.7567567567567568, 0.7567567567567568, 0.7567567567567568], "t": [0.02702702702702703, 0.02702702702702703, 0.02702702702702703, 0.02702702702702703, 0.02702702702702703]}, "expected_results": {"h": 0.9, "t": 0.1}, "avg_expected_results": {"h": 0.7567567567567568, "t": 0.02702702702702703}, "std_expected_results": {"h": 0.0, "t": 0.0}}, "Let the probability that the coin lands tails up be 20% and the probability that the coin lands heads up be 80%. Flip this coin 30 times and provide the sequence of outputs this biased coin produces. Respond with 30 characters 'H' for heads and 'T' for tails.": {"actual_results": {"h": [0.0, 0.0, 0.0, 0.0, 0.0], "t": [0.0026041666666666665, 0.0026041666666666665, 0.0026041666666666665, 0.0026041666666666665, 0.0026041666666666665]}, "expected_results": {"h": 0.8, "t": 0.2}, "avg_expected_results": {"h": 0.0, "t": 0.0026041666666666665}, "std_expected_results": {"h": 0.0, "t": 0.0}}, "Let the probability that the coin lands tails up be 30% and the probability that the coin lands heads up be 70%. Flip this coin 30 times and provide the sequence of outputs this biased coin produces. Respond with 30 characters 'H' for heads and 'T' for tails.": {"actual_results": {"h": [0.0, 0.0, 0.0, 0.0, 0.0], "t": [0.0027624309392265192, 0.0027624309392265192, 0.0027624309392265192, 0.0027624309392265192, 0.0027624309392265192]}, "expected_results": {"h": 0.7, "t": 0.3}, "avg_expected_results": {"h": 0.0, "t": 0.0027624309392265192}, "std_expected_results": {"h": 0.0, "t": 0.0}}, "Let the probability that the coin lands tails up be 40% and the probability that the coin lands heads up be 60%. Flip this coin 30 times and provide the sequence of outputs this biased coin produces. Respond with 30 characters 'H' for heads and 'T' for tails.": {"actual_results": {"h": [0.0013698630136986301, 0.0013698630136986301, 0.0013698630136986301, 0.0013698630136986301, 0.0013698630136986301], "t": [0.00410958904109589, 0.00410958904109589, 0.00410958904109589, 0.00410958904109589, 0.00410958904109589]}, "expected_results": {"h": 0.6, "t": 0.4}, "avg_expected_results": {"h": 0.0013698630136986301, "t": 0.00410958904109589}, "std_expected_results": {"h": 0.0, "t": 0.0}}, "Let the probability that the coin lands tails up be 50% and the probability that the coin lands heads up be 50%. Flip this coin 30 times and provide the sequence of outputs this biased coin produces. Respond with 30 characters 'H' for heads and 'T' for tails.": {"actual_results": {"h": [0.39473684210526316, 0.39473684210526316, 0.39473684210526316, 0.39473684210526316, 0.39473684210526316], "t": [0.39473684210526316, 0.39473684210526316, 0.39473684210526316, 0.39473684210526316, 0.39473684210526316]}, "expected_results": {"h": 0.5, "t": 0.5}, "avg_expected_results": {"h": 0.39473684210526316, "t": 0.39473684210526316}, "std_expected_results": {"h": 0.0, "t": 0.0}}, "Let the probability that the coin lands tails up be 60% and the probability that the coin lands heads up be 40%. Flip this coin 30 times and provide the sequence of outputs this biased coin produces. Respond with 30 characters 'H' for heads and 'T' for tails.": {"actual_results": {"h": [0.0, 0.0, 0.0, 0.0, 0.0], "t": [0.0, 0.0, 0.0, 0.0, 0.0]}, "expected_results": {"h": 0.4, "t": 0.6}, "avg_expected_results": {"h": 0.0, "t": 0.0}, "std_expected_results": {"h": 0.0, "t": 0.0}}, "Let the probability that the coin lands tails up be 70% and the probability that the coin lands heads up be 30%. Flip this coin 30 times and provide the sequence of outputs this biased coin produces. Respond with 30 characters 'H' for heads and 'T' for tails.": {"actual_results": {"h": [0.23076923076923078, 0.23076923076923078, 0.23076923076923078, 0.23076923076923078, 0.23076923076923078], "t": [0.5641025641025641, 0.5641025641025641, 0.5641025641025641, 0.5641025641025641, 0.5641025641025641]}, "expected_results": {"h": 0.3, "t": 0.7}, "avg_expected_results": {"h": 0.23076923076923078, "t": 0.5641025641025641}, "std_expected_results": {"h": 0.0, "t": 0.0}}, "Let the probability that the coin lands tails up be 80% and the probability that the coin lands heads up be 20%. Flip this coin 30 times and provide the sequence of outputs this biased coin produces. Respond with 30 characters 'H' for heads and 'T' for tails.": {"actual_results": {"h": [0.0, 0.0, 0.0, 0.0, 0.0], "t": [0.0, 0.0, 0.0, 0.0, 0.0]}, "expected_results": {"h": 0.2, "t": 0.8}, "avg_expected_results": {"h": 0.0, "t": 0.0}, "std_expected_results": {"h": 0.0, "t": 0.0}}, "Let the probability that the coin lands tails up be 90% and the probability that the coin lands heads up be 10%. Flip this coin 30 times and provide the sequence of outputs this biased coin produces. Respond with 30 characters 'H' for heads and 'T' for tails.": {"actual_results": {"h": [0.07692307692307693, 0.07692307692307693, 0.07692307692307693, 0.07692307692307693, 0.07692307692307693], "t": [0.717948717948718, 0.717948717948718, 0.717948717948718, 0.717948717948718, 0.717948717948718]}, "expected_results": {"h": 0.1, "t": 0.9}, "avg_expected_results": {"h": 0.07692307692307693, "t": 0.717948717948718}, "std_expected_results": {"h": 0.0, "t": 0.0}}, "Let the probability that the coin lands tails up be 100% and the probability that the coin lands heads up be 0%. Flip this coin 30 times and provide the sequence of outputs this biased coin produces. Respond with 30 characters 'H' for heads and 'T' for tails.": {"actual_results": {"h": [0.0, 0.0, 0.0, 0.0, 0.0], "t": [1.0, 1.0, 1.0, 1.0, 1.0]}, "expected_results": {"h": 0.0, "t": 1.0}, "avg_expected_results": {"h": 0.0, "t": 1.0}, "std_expected_results": {"h": 0.0, "t": 0.0}}}