{"Let the probability that the coin lands heads up be 0% and the probability that the coin lands tails up be 100%. Flip this coin 30 times and provide the sequence of outputs this biased coin produces. Respond with 30 characters 'H' for heads and 'T' for tails.": {"actual_results": {"h": [0.0, 0.0, 0.0, 0.0, 0.0], "t": [1.0, 1.0, 1.0, 1.0, 1.0]}, "expected_results": {"h": 0.0, "t": 1.0}, "avg_expected_results": {"h": 0.0, "t": 1.0}, "std_expected_results": {"h": 0.0, "t": 0.0}}, "Let the probability that the coin lands heads up be 10% and the probability that the coin lands tails up be 90%. Flip this coin 30 times and provide the sequence of outputs this biased coin produces. Respond with 30 characters 'H' for heads and 'T' for tails.": {"actual_results": {"h": [0.03333333333333333, 0.03333333333333333, 0.03333333333333333, 0.03333333333333333, 0.03333333333333333], "t": [0.9666666666666667, 0.9666666666666667, 0.9666666666666667, 0.9666666666666667, 0.9666666666666667]}, "expected_results": {"h": 0.1, "t": 0.9}, "avg_expected_results": {"h": 0.03333333333333333, "t": 0.9666666666666666}, "std_expected_results": {"h": 0.0, "t": 1.1102230246251565e-16}}, "Let the probability that the coin lands heads up be 20% and the probability that the coin lands tails up be 80%. Flip this coin 30 times and provide the sequence of outputs this biased coin produces. Respond with 30 characters 'H' for heads and 'T' for tails.": {"actual_results": {"h": [0.06666666666666667, 0.06666666666666667, 0.06666666666666667, 0.06666666666666667, 0.06666666666666667], "t": [0.9333333333333333, 0.9333333333333333, 0.9333333333333333, 0.9333333333333333, 0.9333333333333333]}, "expected_results": {"h": 0.2, "t": 0.8}, "avg_expected_results": {"h": 0.06666666666666667, "t": 0.9333333333333333}, "std_expected_results": {"h": 0.0, "t": 0.0}}, "Let the probability that the coin lands heads up be 30% and the probability that the coin lands tails up be 70%. Flip this coin 30 times and provide the sequence of outputs this biased coin produces. Respond with 30 characters 'H' for heads and 'T' for tails.": {"actual_results": {"h": [0.15625, 0.15625, 0.15625, 0.15625, 0.15625], "t": [0.84375, 0.84375, 0.84375, 0.84375, 0.84375]}, "expected_results": {"h": 0.3, "t": 0.7}, "avg_expected_results": {"h": 0.15625, "t": 0.84375}, "std_expected_results": {"h": 0.0, "t": 0.0}}, "Let the probability that the coin lands heads up be 40% and the probability that the coin lands tails up be 60%. Flip this coin 30 times and provide the sequence of outputs this biased coin produces. Respond with 30 characters 'H' for heads and 'T' for tails.": {"actual_results": {"h": [0.28125, 0.28125, 0.28125, 0.28125, 0.28125], "t": [0.71875, 0.71875, 0.71875, 0.71875, 0.71875]}, "expected_results": {"h": 0.4, "t": 0.6}, "avg_expected_results": {"h": 0.28125, "t": 0.71875}, "std_expected_results": {"h": 0.0, "t": 0.0}}, "Let the probability that the coin lands heads up be 50% and the probability that the coin lands tails up be 50%. Flip this coin 30 times and provide the sequence of outputs this biased coin produces. Respond with 30 characters 'H' for heads and 'T' for tails.": {"actual_results": {"h": [0.5161290322580645, 0.5161290322580645, 0.5161290322580645, 0.5161290322580645, 0.5161290322580645], "t": [0.4838709677419355, 0.4838709677419355, 0.4838709677419355, 0.4838709677419355, 0.4838709677419355]}, "expected_results": {"h": 0.5, "t": 0.5}, "avg_expected_results": {"h": 0.5161290322580645, "t": 0.4838709677419355}, "std_expected_results": {"h": 0.0, "t": 0.0}}, "Let the probability that the coin lands heads up be 60% and the probability that the coin lands tails up be 40%. Flip this coin 30 times and provide the sequence of outputs this biased coin produces. Respond with 30 characters 'H' for heads and 'T' for tails.": {"actual_results": {"h": [0.7333333333333333, 0.7333333333333333, 0.7333333333333333, 0.7333333333333333, 0.7333333333333333], "t": [0.26666666666666666, 0.26666666666666666, 0.26666666666666666, 0.26666666666666666, 0.26666666666666666]}, "expected_results": {"h": 0.6, "t": 0.4}, "avg_expected_results": {"h": 0.7333333333333333, "t": 0.26666666666666666}, "std_expected_results": {"h": 0.0, "t": 0.0}}, "Let the probability that the coin lands heads up be 70% and the probability that the coin lands tails up be 30%. Flip this coin 30 times and provide the sequence of outputs this biased coin produces. Respond with 30 characters 'H' for heads and 'T' for tails.": {"actual_results": {"h": [0.8064516129032258, 0.8064516129032258, 0.8064516129032258, 0.8064516129032258, 0.8064516129032258], "t": [0.1935483870967742, 0.1935483870967742, 0.1935483870967742, 0.1935483870967742, 0.1935483870967742]}, "expected_results": {"h": 0.7, "t": 0.3}, "avg_expected_results": {"h": 0.8064516129032258, "t": 0.1935483870967742}, "std_expected_results": {"h": 0.0, "t": 0.0}}, "Let the probability that the coin lands heads up be 80% and the probability that the coin lands tails up be 20%. Flip this coin 30 times and provide the sequence of outputs this biased coin produces. Respond with 30 characters 'H' for heads and 'T' for tails.": {"actual_results": {"h": [0.9666666666666667, 0.9666666666666667, 0.9666666666666667, 0.9666666666666667, 0.9666666666666667], "t": [0.03333333333333333, 0.03333333333333333, 0.03333333333333333, 0.03333333333333333, 0.03333333333333333]}, "expected_results": {"h": 0.8, "t": 0.2}, "avg_expected_results": {"h": 0.9666666666666666, "t": 0.03333333333333333}, "std_expected_results": {"h": 1.1102230246251565e-16, "t": 0.0}}, "Let the probability that the coin lands heads up be 90% and the probability that the coin lands tails up be 10%. Flip this coin 30 times and provide the sequence of outputs this biased coin produces. Respond with 30 characters 'H' for heads and 'T' for tails.": {"actual_results": {"h": [0.7692307692307693, 0.7692307692307693, 0.7692307692307693, 0.7692307692307693, 0.7692307692307693], "t": [0.02564102564102564, 0.02564102564102564, 0.02564102564102564, 0.02564102564102564, 0.02564102564102564]}, "expected_results": {"h": 0.9, "t": 0.1}, "avg_expected_results": {"h": 0.7692307692307693, "t": 0.02564102564102564}, "std_expected_results": {"h": 0.0, "t": 0.0}}, "Let the probability that the coin lands heads up be 100% and the probability that the coin lands tails up be 0%. Flip this coin 30 times and provide the sequence of outputs this biased coin produces. Respond with 30 characters 'H' for heads and 'T' for tails.": {"actual_results": {"h": [1.0, 1.0, 1.0, 1.0, 1.0], "t": [0.0, 0.0, 0.0, 0.0, 0.0]}, "expected_results": {"h": 1.0, "t": 0.0}, "avg_expected_results": {"h": 1.0, "t": 0.0}, "std_expected_results": {"h": 0.0, "t": 0.0}}}