{"Let the probability that the coin lands tails up be 0% and the probability that the coin lands heads up be 100%. Flip this coin 30 times and provide the sequence of outputs this biased coin produces. Respond with 30 characters 'H' for heads and 'T' for tails.": {"actual_results": {"h": [0.0, 0.0, 0.0, 0.0, 0.0], "t": [1.0, 1.0, 1.0, 1.0, 1.0]}, "expected_results": {"h": 1.0, "t": 0.0}, "avg_expected_results": {"h": 0.0, "t": 1.0}, "std_expected_results": {"h": 0.0, "t": 0.0}}, "Let the probability that the coin lands tails up be 10% and the probability that the coin lands heads up be 90%. Flip this coin 30 times and provide the sequence of outputs this biased coin produces. Respond with 30 characters 'H' for heads and 'T' for tails.": {"actual_results": {"h": [0.8, 0.9333333333333333, 0.8, 0.967741935483871, 0.8], "t": [0.2, 0.06666666666666667, 0.2, 0.03225806451612903, 0.2]}, "expected_results": {"h": 0.9, "t": 0.1}, "avg_expected_results": {"h": 0.8602150537634408, "t": 0.13978494623655915}, "std_expected_results": {"h": 0.07454645692315971, "t": 0.07454645692315973}}, "Let the probability that the coin lands tails up be 20% and the probability that the coin lands heads up be 80%. Flip this coin 30 times and provide the sequence of outputs this biased coin produces. Respond with 30 characters 'H' for heads and 'T' for tails.": {"actual_results": {"h": [0.3, 0.7666666666666667, 0.6666666666666666, 0.26666666666666666, 0.8064516129032258], "t": [0.7, 0.23333333333333334, 0.3333333333333333, 0.7333333333333333, 0.1935483870967742]}, "expected_results": {"h": 0.8, "t": 0.2}, "avg_expected_results": {"h": 0.5612903225806452, "t": 0.4387096774193548}, "std_expected_results": {"h": 0.23171681258558868, "t": 0.23171681258558868}}, "Let the probability that the coin lands tails up be 30% and the probability that the coin lands heads up be 70%. Flip this coin 30 times and provide the sequence of outputs this biased coin produces. Respond with 30 characters 'H' for heads and 'T' for tails.": {"actual_results": {"h": [0.6666666666666666, 0.3333333333333333, 0.6333333333333333, 0.5666666666666667, 0.5666666666666667], "t": [0.3333333333333333, 0.6666666666666666, 0.36666666666666664, 0.43333333333333335, 0.43333333333333335]}, "expected_results": {"h": 0.7, "t": 0.3}, "avg_expected_results": {"h": 0.5533333333333333, "t": 0.44666666666666666}, "std_expected_results": {"h": 0.116619037896906, "t": 0.116619037896906}}, "Let the probability that the coin lands tails up be 40% and the probability that the coin lands heads up be 60%. Flip this coin 30 times and provide the sequence of outputs this biased coin produces. Respond with 30 characters 'H' for heads and 'T' for tails.": {"actual_results": {"h": [0.5666666666666667, 0.6, 0.6, 0.6, 0.5666666666666667], "t": [0.43333333333333335, 0.4, 0.4, 0.4, 0.43333333333333335]}, "expected_results": {"h": 0.6, "t": 0.4}, "avg_expected_results": {"h": 0.5866666666666667, "t": 0.4133333333333333}, "std_expected_results": {"h": 0.01632993161855452, "t": 0.01632993161855452}}, "Let the probability that the coin lands tails up be 50% and the probability that the coin lands heads up be 50%. Flip this coin 30 times and provide the sequence of outputs this biased coin produces. Respond with 30 characters 'H' for heads and 'T' for tails.": {"actual_results": {"h": [0.43333333333333335, 0.43333333333333335, 0.4666666666666667, 0.5333333333333333, 0.5333333333333333], "t": [0.5666666666666667, 0.5666666666666667, 0.5333333333333333, 0.4666666666666667, 0.4666666666666667]}, "expected_results": {"h": 0.5, "t": 0.5}, "avg_expected_results": {"h": 0.48, "t": 0.52}, "std_expected_results": {"h": 0.04521553322083511, "t": 0.04521553322083511}}, "Let the probability that the coin lands tails up be 60% and the probability that the coin lands heads up be 40%. Flip this coin 30 times and provide the sequence of outputs this biased coin produces. Respond with 30 characters 'H' for heads and 'T' for tails.": {"actual_results": {"h": [0.36666666666666664, 0.43333333333333335, 0.5333333333333333, 0.5333333333333333, 0.43333333333333335], "t": [0.6333333333333333, 0.5666666666666667, 0.4666666666666667, 0.4666666666666667, 0.5666666666666667]}, "expected_results": {"h": 0.4, "t": 0.6}, "avg_expected_results": {"h": 0.45999999999999996, "t": 0.54}, "std_expected_results": {"h": 0.06463573143221772, "t": 0.0646357314322177}}, "Let the probability that the coin lands tails up be 70% and the probability that the coin lands heads up be 30%. Flip this coin 30 times and provide the sequence of outputs this biased coin produces. Respond with 30 characters 'H' for heads and 'T' for tails.": {"actual_results": {"h": [0.3333333333333333, 0.6774193548387096, 0.3, 0.4, 0.5], "t": [0.6666666666666666, 0.3225806451612903, 0.7, 0.6, 0.5]}, "expected_results": {"h": 0.3, "t": 0.7}, "avg_expected_results": {"h": 0.44215053763440865, "t": 0.5578494623655914}, "std_expected_results": {"h": 0.13603132269387214, "t": 0.13603132269387214}}, "Let the probability that the coin lands tails up be 80% and the probability that the coin lands heads up be 20%. Flip this coin 30 times and provide the sequence of outputs this biased coin produces. Respond with 30 characters 'H' for heads and 'T' for tails.": {"actual_results": {"h": [0.13333333333333333, 0.0967741935483871, 0.5483870967741935, 0.8666666666666667, 0.16666666666666666], "t": [0.8666666666666667, 0.9032258064516129, 0.45161290322580644, 0.13333333333333333, 0.8333333333333334]}, "expected_results": {"h": 0.2, "t": 0.8}, "avg_expected_results": {"h": 0.36236559139784946, "t": 0.6376344086021506}, "std_expected_results": {"h": 0.3000720613340969, "t": 0.3000720613340969}}, "Let the probability that the coin lands tails up be 90% and the probability that the coin lands heads up be 10%. Flip this coin 30 times and provide the sequence of outputs this biased coin produces. Respond with 30 characters 'H' for heads and 'T' for tails.": {"actual_results": {"h": [0.9333333333333333, 0.06451612903225806, 0.9666666666666667, 0.06666666666666667, 0.9666666666666667], "t": [0.06666666666666667, 0.9354838709677419, 0.03333333333333333, 0.9333333333333333, 0.03333333333333333]}, "expected_results": {"h": 0.1, "t": 0.9}, "avg_expected_results": {"h": 0.5995698924731183, "t": 0.4004301075268818}, "std_expected_results": {"h": 0.43616201016333794, "t": 0.4361620101633379}}, "Let the probability that the coin lands tails up be 100% and the probability that the coin lands heads up be 0%. Flip this coin 30 times and provide the sequence of outputs this biased coin produces. Respond with 30 characters 'H' for heads and 'T' for tails.": {"actual_results": {"h": [1.0, 0.0, 0.0, 0.0, 0.0], "t": [0.0, 1.0, 1.0, 1.0, 1.0]}, "expected_results": {"h": 0.0, "t": 1.0}, "avg_expected_results": {"h": 0.2, "t": 0.8}, "std_expected_results": {"h": 0.4000000000000001, "t": 0.4000000000000001}}}