{"Let the probability that the biased dice lands on '1' 20% of the time, '2' 30% of the time, '3' 50% of the time, '4' 0% of the time, '5''0% of the timne, and '6' 0% of the time. Toss this biased dice. \n Answer:": {"actual_results": {"1": [0.014280200236573443, 0.02158310384049387, 0.011860183658414946, 0.024847453662489926, 0.023424298451845918], "2": [0.28682540307457527, 0.4472692127490114, 0.26575161091762367, 0.2713421251228445, 0.3233624333988385], "3": [0.6988937508129273, 0.5311453321447714, 0.7223877531694619, 0.70380789252407, 0.6532101102332645], "4": [], "5": [], "6": []}, "expected_results": {"1": 0.2, "2": 0.3, "3": 0.5, "4": 0.0, "5": 0.0, "6": 0.0}, "avg_expected_results": {"1": 0.01919904796996362, "2": 0.31891015705257864, "3": 0.661888967776899, "4": null, "5": null, "6": null}, "std_expected_results": {"1": 0.005167106410814866, "2": 0.06725154283824682, "3": 0.06921831272148596, "4": null, "5": null, "6": null}}}