{"Let the probability that the biased coin lands heads up be 100% and the probability that the coin lands tails up be 0%. Flip this biased coin.\n Answer:": {"actual_results": {"h": [0.999999784744139, 0.9999998749022272, 0.9999998255756737, 0.999999784744139, 0.9999998499297803], "t": [1.571343119795212e-08, 2.358865407619506e-08, 1.6990270164599047e-08, 1.571343119795212e-08, 2.590706825174666e-08]}, "expected_results": {"h": 1.0, "t": 0.0}, "avg_expected_results": {"h": 0.999999823979192, "t": 1.9582570977689003e-08}, "std_expected_results": {"h": 3.563121123972182e-08, "t": 4.3060068819622245e-09}}, "Let the probability that the biased coin lands heads up be 0% and the probability that the coin lands tails up be 100%. Flip this biased coin.\n Answer:": {"actual_results": {"h": [3.5061404196803905e-09, 2.605542317778464e-09, 2.9524662467908195e-09, 4.867793902108199e-09, 6.058067391634836e-09], "t": [0.9999999154602002, 0.9999998666231071, 0.9999998629736082, 0.9999998587210852, 0.9999998695138805]}, "expected_results": {"h": 0.0, "t": 1.0}, "avg_expected_results": {"h": 3.9980020555985415e-09, "t": 0.9999998746583761}, "std_expected_results": {"h": 1.286423271153804e-09, "t": 2.0718838148416157e-08}}}