{"A biased deck with 4 types of cards: A, B, C, and D. Let the probability of drawing a 'A' be 80%, drawing a 'B' be 20%, drawing a 'C' be 0%, drawing a 'D' be 0%. Pull a card from this biased deck. \n Answer: ": {"actual_results": {"a": [0.9999655696217202, 0.9999883629027115, 0.9999745067565602, 0.9999697187412218, 0.9999683945967833], "b": [3.37372159186309e-05, 1.0129982168213988e-05, 2.430019944593033e-05, 2.9773092755661764e-05, 3.120191770917735e-05], "c": [], "d": []}, "expected_results": {"a": 0.8, "b": 0.2, "c": 0.0, "d": 0.0}, "avg_expected_results": {"a": 0.9999733105237993, "b": 2.582848159952287e-05, "c": null, "d": null}, "std_expected_results": {"a": 8.062181953345074e-06, "b": 8.435169020994256e-06, "c": null, "d": null}}}