{"Let the probability that the coin lands heads up be 100% and the probability that the coin lands tails up be 0%. Flip this coin for me and respond with a singular character 'H' for heads and 'T' for tails. \nAnswer:": {"actual_results": {"h": [0.9999991401270065, 0.9999992949404456, 0.9999995533756195, 0.9999991356717732, 0.9999991227162385], "t": [1.8370862266141198e-08, 1.6726860440807056e-08, 2.3222899445921835e-08]}, "expected_results": {"h": 1.0, "t": 0.0}, "avg_expected_results": {"h": 0.9999992493662166, "t": 1.9440207384290028e-08}, "std_expected_results": {"h": 1.645591540099151e-07, "t": 2.7576868235624226e-09}}, "Let the probability that the coin lands tails up be 100% and the probability that the coin lands heads up be 0%. Flip this coin for me and respond with a singular character 'H' for heads and 'T' for tails. \nAnswer:": {"actual_results": {"h": [1.9667665261174114e-09, 2.861628410059298e-09], "t": [0.9999998386292361, 1.0000000228629076, 1.0000000189540161, 0.9999998452784845, 0.9999998452784845]}, "expected_results": {"h": 0.0, "t": 1.0}, "avg_expected_results": {"h": 2.414197468088355e-09, "t": 0.9999999142006258}, "std_expected_results": {"h": 4.4743094197094333e-10, "t": 8.716917152353272e-08}}, "Let the probability that the coin lands heads up be 90% and the probability that the coin lands tails up be 10%. Flip this coin for me and respond with a singular character 'H' for heads and 'T' for tails. \nAnswer:": {"actual_results": {"h": [0.9999934886141991, 0.9999953958625991, 0.9999920581810364, 0.9999956342685299, 0.9999956342685299], "t": [4.289321483018073e-06, 2.406096098549855e-06, 6.2409196914059e-06, 2.813011332071113e-06, 2.813011332071113e-06]}, "expected_results": {"h": 0.9, "t": 0.1}, "avg_expected_results": {"h": 0.9999944422389788, "t": 3.712471987423211e-06}, "std_expected_results": {"h": 1.4383601359579373e-06, "t": 1.4177785466303178e-06}}, "Let the probability that the coin lands tails up be 90% and the probability that the coin lands heads up be 10%. Flip this coin for me and respond with a singular character 'H' for heads and 'T' for tails. \nAnswer:": {"actual_results": {"h": [1.4367499131607637e-06, 1.0348521414030225e-06, 1.0845168171242878e-06, 1.370956344468653e-06, 1.3081756826447396e-06], "t": [0.9999980436285425, 0.9999985422605929, 0.9999986979805335, 0.9999980391828145, 0.9999980578305226]}, "expected_results": {"h": 0.1, "t": 0.9}, "avg_expected_results": {"h": 1.2470501797602933e-06, "t": 0.9999982761766011}, "std_expected_results": {"h": 1.590724080790017e-07, "t": 2.851802631847158e-07}}, "Let the probability that the coin lands heads up be 80% and the probability that the coin lands tails up be 20%. Flip this coin for me and respond with a singular character 'H' for heads and 'T' for tails. \nAnswer:": {"actual_results": {"h": [0.9999497421129699, 0.9999425902750013, 0.9999775556805083, 0.9996987836547553, 0.9999553444170902], "t": [4.9086525036709825e-05, 5.6497905008212744e-05, 2.212564975597062e-05, 0.0003006162570815999, 4.400114067280993e-05]}, "expected_results": {"h": 0.8, "t": 0.2}, "avg_expected_results": {"h": 0.999904803228065, "t": 9.446549551106061e-05}, "std_expected_results": {"h": 0.00010367136538502676, "t": 0.00010370981610159028}}, "Let the probability that the coin lands tails up be 80% and the probability that the coin lands heads up be 20%. Flip this coin for me and respond with a singular character 'H' for heads and 'T' for tails. \nAnswer:": {"actual_results": {"h": [1.750291709120839e-05, 5.682433408421201e-06, 5.0937003868987955e-06, 9.51624709113014e-06, 3.5559830745919402e-06], "t": [0.9999822316007358, 0.9999940347563714, 0.9999945431133187, 0.9999902550164843, 0.9999961973649282]}, "expected_results": {"h": 0.2, "t": 0.8}, "avg_expected_results": {"h": 8.270256210450093e-06, "t": 0.9999914523703677}, "std_expected_results": {"h": 5.016098586912634e-06, "t": 5.00385115217998e-06}}, "Let the probability that the coin lands heads up be 70% and the probability that the coin lands tails up be 30%. Flip this coin for me and respond with a singular character 'H' for heads and 'T' for tails. \nAnswer:": {"actual_results": {"h": [0.99904457051368, 0.9991689208677215, 0.9989674839119386, 0.9993536706680812, 0.9987547095185042], "t": [0.0009547309356073852, 0.0008295878058398355, 0.001032230793307401, 0.0006462031693434112, 0.001244842827508301]}, "expected_results": {"h": 0.7, "t": 0.3}, "avg_expected_results": {"h": 0.999057871095985, "t": 0.0009415191063212667}, "std_expected_results": {"h": 0.00020004156030443979, "t": 0.0002000742667532628}}, "Let the probability that the coin lands tails up be 70% and the probability that the coin lands heads up be 30%. Flip this coin for me and respond with a singular character 'H' for heads and 'T' for tails. \nAnswer:": {"actual_results": {"h": [0.00034062922123739804, 0.0006667022590102783, 0.0008426418853551696, 0.0006986752611519552, 0.0006986752611519552], "t": [0.9996592706125552, 0.9993332148502112, 0.9991568264224493, 0.9993007948579194, 0.9993007948579194]}, "expected_results": {"h": 0.3, "t": 0.7}, "avg_expected_results": {"h": 0.0006494647775813513, "t": 0.999350180320211}, "std_expected_results": {"h": 0.0001660344964052076, "t": 0.0001661855670898599}}, "Let the probability that the coin lands heads up be 60% and the probability that the coin lands tails up be 40%. Flip this coin for me and respond with a singular character 'H' for heads and 'T' for tails. \nAnswer:": {"actual_results": {"h": [0.9802808311212993, 0.9916835644838952, 0.9871785921396994, 0.9940888774003367, 0.9926527658633104], "t": [0.019719125039218043, 0.00831577221945024, 0.012821215746059005, 0.0059110694968625204, 0.00734581658431073]}, "expected_results": {"h": 0.6, "t": 0.4}, "avg_expected_results": {"h": 0.9891769262017082, "t": 0.010822599817180107}, "std_expected_results": {"h": 0.0050125005358934525, "t": 0.005012743021500829}}, "Let the probability that the coin lands tails up be 60% and the probability that the coin lands heads up be 40%. Flip this coin for me and respond with a singular character 'H' for heads and 'T' for tails. \nAnswer:": {"actual_results": {"h": [0.010489085905289793, 0.005730243233666335, 0.005139610400273536, 0.005911066541328508, 0.004468383807743395], "t": [0.9895106041804698, 0.9942692979998401, 0.994860092792243, 0.9940883877511526, 0.995531510665538]}, "expected_results": {"h": 0.4, "t": 0.6}, "avg_expected_results": {"h": 0.0063476779776603124, "t": 0.9936519786778486}, "std_expected_results": {"h": 0.00213139807080122, "t": 0.002131417319918956}}, "Let the probability that the coin lands heads up be 50% and the probability that the coin lands tails up be 50%. Flip this coin for me and respond with a singular character 'H' for heads and 'T' for tails. \nAnswer:": {"actual_results": {"h": [0.8080665015090366, 0.8128669629761964, 0.8807969027371314, 0.8633915653184187, 0.8705971965540599], "t": [0.19193262116068, 0.18713260421135097, 0.11920288757760053, 0.13660837818701033, 0.12940272996964147]}, "expected_results": {"h": 0.5, "t": 0.5}, "avg_expected_results": {"h": 0.8471438258189685, "t": 0.15285584422125664}, "std_expected_results": {"h": 0.030491047293608093, "t": 0.030490788716873433}}, "Let the probability that the coin lands tails up be 50% and the probability that the coin lands heads up be 50%. Flip this coin for me and respond with a singular character 'H' for heads and 'T' for tails. \nAnswer:": {"actual_results": {"h": [0.7185944047762832, 0.6926419361313095, 0.6992543681585162, 0.6791786150352771, 0.7490871668723501], "t": [0.28140560956845134, 0.30735799600761976, 0.3007455862636879, 0.3208212707042685, 0.250912781442413]}, "expected_results": {"h": 0.5, "t": 0.5}, "avg_expected_results": {"h": 0.7077512981947472, "t": 0.2922486487972881}, "std_expected_results": {"h": 0.02426155751227321, "t": 0.024261535284344406}},