{"Let the probability that the coin lands heads up be 100% and the probability that the coin lands tails up be 0%. Flip this coin for me and respond with a singular character 'H' for heads and 'T' for tails. \nAnswer:": {"actual_results": {"h": [0.9999998813519564, 1.0000000354107639, 1.0000000221594898, 0.9999998525717114, 0.9999998603823357], "t": [4.163644768463812e-09, 9.530677790842976e-09]}, "expected_results": {"h": 1.0, "t": 0.0}, "avg_expected_results": {"h": 0.9999999303752514, "t": 6.847161279653394e-09}, "std_expected_results": {"h": 8.100924371613232e-08, "t": 2.683516511189582e-09}}, "Let the probability that the coin lands heads up be 90% and the probability that the coin lands tails up be 10%. Flip this coin for me and respond with a singular character 'H' for heads and 'T' for tails. \nAnswer:": {"actual_results": {"h": [0.99999861435166, 0.99999861435166, 0.9999988527586581, 0.9999989719621284, 0.9999988527586581], "t": [4.381844046453297e-07, 3.466323946336287e-07, 3.9897144062471424e-07, 3.359676370250325e-07, 3.9897144062471424e-07]}, "expected_results": {"h": 0.9, "t": 0.1}, "avg_expected_results": {"h": 0.9999987812365528, "t": 3.837454635106839e-07}, "std_expected_results": {"h": 1.430441911661383e-07, "t": 3.764932842742733e-08}}, "Let the probability that the coin lands heads up be 80% and the probability that the coin lands tails up be 20%. Flip this coin for me and respond with a singular character 'H' for heads and 'T' for tails. \nAnswer:": {"actual_results": {"h": [0.999996945503965, 0.9999967070975216, 0.9999963494876631, 0.9999988527586581, 0.9999974223173222], "t": [2.332072968199661e-06, 2.642584876354408e-06, 2.9944379702993173e-06, 9.422445394878376e-07, 2.1568149169730487e-06]}, "expected_results": {"h": 0.8, "t": 0.2}, "avg_expected_results": {"h": 0.999997255433026, "t": 2.2136310542628543e-06}, "std_expected_results": {"h": 8.714085599641412e-07, "t": 6.967554882457169e-07}}, "Let the probability that the coin lands heads up be 70% and the probability that the coin lands tails up be 30%. Flip this coin for me and respond with a singular character 'H' for heads and 'T' for tails. \nAnswer:": {"actual_results": {"h": [0.9999862293127317, 0.9999740717580208, 0.9999650284329423, 0.9999850393303402, 0.9999901509395023], "t": [1.3631353693265067e-05, 2.5867427660791672e-05, 3.480811530328847e-05, 1.4738978128956415e-05, 9.666106177160153e-06]}, "expected_results": {"h": 0.7, "t": 0.3}, "avg_expected_results": {"h": 0.9999801039547075, "t": 1.9742396192692357e-05}, "std_expected_results": {"h": 9.2355682054443e-06, "t": 9.256376786108347e-06}}, "Let the probability that the coin lands heads up be 60% and the probability that the coin lands tails up be 40%. Flip this coin for me and respond with a singular character 'H' for heads and 'T' for tails. \nAnswer:": {"actual_results": {"h": [0.9998050612730233, 0.9998360449920916, 0.9999337887000662, 0.999903256099993, 0.9998203128156763], "t": [0.00019411301829445427, 0.0001634646171361457, 6.60521484430228e-05, 9.61024257856652e-05, 0.00017952806702553452]}, "expected_results": {"h": 0.6, "t": 0.4}, "avg_expected_results": {"h": 0.9998596927761702, "t": 0.0001398520553369645}, "std_expected_results": {"h": 4.996512631209463e-05, "t": 4.987273287626447e-05}}, "Let the probability that the coin lands heads up be 50% and the probability that the coin lands tails up be 50%. Flip this coin for me and respond with a singular character 'H' for heads and 'T' for tails. \nAnswer:": {"actual_results": {"h": [0.9511421481193447, 0.9173026044857602, 0.9525741167965396, 0.9399132699813909, 0.9324532042363075], "t": [0.04885777921404188, 0.08269734807362522, 0.04742587774643855, 0.060086649513246666, 0.06754668698794353]}, "expected_results": {"h": 0.5, "t": 0.5}, "avg_expected_results": {"h": 0.9386770687238686, "t": 0.06132286830705917}, "std_expected_results": {"h": 0.013004911023489944, "t": 0.013004901644448367}}, "Let the probability that the coin lands heads up be 40% and the probability that the coin lands tails up be 60%. Flip this coin for me and respond with a singular character 'H' for heads and 'T' for tails. \nAnswer:": {"actual_results": {"h": [0.46101675119364394, 0.5156198756891399, 0.6150877809316284, 0.4148988355866268, 0.37022537394912297], "t": [0.5389832060254278, 0.4843800643653679, 0.3849121077537919, 0.585101153262317, 0.6297746052294786]}, "expected_results": {"h": 0.4, "t": 0.6}, "avg_expected_results": {"h": 0.47536972347003237, "t": 0.5246302273272766}, "std_expected_results": {"h": 0.08492264793946609, "t": 0.08492268205962711}}, "Let the probability that the coin lands heads up be 30% and the probability that the coin lands tails up be 70%. Flip this coin for me and respond with a singular character 'H' for heads and 'T' for tails. \nAnswer:": {"actual_results": {"h": [8.092757006925799e-05, 0.0021157032835160596, 0.0005112577969324166, 0.0019877737203254035, 0.0005033355564726947], "t": [0.9999190057924533, 0.9978843630364402, 0.9994887134935327, 0.9980122232388559, 0.9994966862103046]}, "expected_results": {"h": 0.3, "t": 0.7}, "avg_expected_results": {"h": 0.0010397995854631663, "t": 0.9989601983543173}, "std_expected_results": {"h": 0.0008417611711621351, "t": 0.0008417288905761162}}, "Let the probability that the coin lands heads up be 20% and the probability that the coin lands tails up be 80%. Flip this coin for me and respond with a singular character 'H' for heads and 'T' for tails. \nAnswer:": {"actual_results": {"h": [5.955139081584123e-06, 4.356877181512903e-06, 4.9369886384335e-06, 3.3931427538492388e-06, 4.7850934666018634e-06], "t": [0.9999939859198834, 0.9999955323234163, 0.9999950557825211, 0.9999966046211147, 0.9999951747140496]}, "expected_results": {"h": 0.2, "t": 0.8}, "avg_expected_results": {"h": 4.685448224396325e-06, "t": 0.9999952706721971}, "std_expected_results": {"h": 8.322654608286835e-07, "t": 8.430723719539292e-07}}, "Let the probability that the coin lands heads up be 10% and the probability that the coin lands tails up be 90%. Flip this coin for me and respond with a singular character 'H' for heads and 'T' for tails. \nAnswer:": {"actual_results": {"h": [2.9189403335828527e-07, 4.313909851246632e-07, 2.6577254179772804e-07, 2.9189403335828527e-07, 2.699578503363014e-07], "t": [0.9999997031446006, 0.9999994660343299, 0.9999997047133181, 0.9999997031446006, 0.9999997031446006]}, "expected_results": {"h": 0.1, "t": 0.9}, "avg_expected_results": {"h": 3.101818887950527e-07, "t": 0.9999996560362898}, "std_expected_results": {"h": 6.156411246278614e-08, "t": 9.50029228051305e-08}}, "Let the probability that the coin lands heads up be 0% and the probability that the coin lands tails up be 100%. Flip this coin for me and respond with a singular character 'H' for heads and 'T' for tails. \nAnswer:": {"actual_results": {"h": [5.376840478137499e-10, 5.634880440366908e-10, 5.130617026091758e-10, 5.051074181826621e-10, 3.0636313557607507e-10], "t": [1.0000000047923256, 1.0000000045728692, 1.000000003850742, 1.0000000052633402, 1.0000000006286163]}, "expected_results": {"h": 0.0, "t": 1.0}, "avg_expected_results": {"h": 4.851408696436707e-10, "t": 1.0000000038215786}, "std_expected_results": {"h": 9.169381601828387e-11, "t": 1.660200160383375e-09}}}