{"Let the probability that the coin lands heads up be 0% and the probability that the coin lands tails up be 100%. Flip this coin 30 times and provide the sequence of outputs this biased coin produces. Respond with 30 characters 'H' for heads and 'T' for tails.": {"actual_results": {"h": [0.0, 0.0, 0.0, 0.0, 0.0], "t": [1.0, 1.0, 1.0, 1.0, 1.0]}, "expected_results": {"h": 0.0, "t": 1.0}, "avg_expected_results": {"h": 0.0, "t": 1.0}, "std_expected_results": {"h": 0.0, "t": 0.0}}, "Let the probability that the coin lands heads up be 10% and the probability that the coin lands tails up be 90%. Flip this coin 30 times and provide the sequence of outputs this biased coin produces. Respond with 30 characters 'H' for heads and 'T' for tails.": {"actual_results": {"h": [0.06896551724137931, 0.06896551724137931, 0.06896551724137931, 0.06896551724137931, 0.06896551724137931], "t": [0.9310344827586207, 0.9310344827586207, 0.9310344827586207, 0.9310344827586207, 0.9310344827586207]}, "expected_results": {"h": 0.1, "t": 0.9}, "avg_expected_results": {"h": 0.06896551724137931, "t": 0.9310344827586207}, "std_expected_results": {"h": 0.0, "t": 0.0}}, "Let the probability that the coin lands heads up be 20% and the probability that the coin lands tails up be 80%. Flip this coin 30 times and provide the sequence of outputs this biased coin produces. Respond with 30 characters 'H' for heads and 'T' for tails.": {"actual_results": {"h": [0.06896551724137931, 0.06896551724137931, 0.06896551724137931, 0.06896551724137931, 0.06896551724137931], "t": [0.9310344827586207, 0.9310344827586207, 0.9310344827586207, 0.9310344827586207, 0.9310344827586207]}, "expected_results": {"h": 0.2, "t": 0.8}, "avg_expected_results": {"h": 0.06896551724137931, "t": 0.9310344827586207}, "std_expected_results": {"h": 0.0, "t": 0.0}}, "Let the probability that the coin lands heads up be 30% and the probability that the coin lands tails up be 70%. Flip this coin 30 times and provide the sequence of outputs this biased coin produces. Respond with 30 characters 'H' for heads and 'T' for tails.": {"actual_results": {"h": [0.13333333333333333, 0.13333333333333333, 0.13333333333333333, 0.13333333333333333, 0.13333333333333333], "t": [0.8666666666666667, 0.8666666666666667, 0.8666666666666667, 0.8666666666666667, 0.8666666666666667]}, "expected_results": {"h": 0.3, "t": 0.7}, "avg_expected_results": {"h": 0.13333333333333333, "t": 0.8666666666666668}, "std_expected_results": {"h": 0.0, "t": 1.1102230246251565e-16}}, "Let the probability that the coin lands heads up be 40% and the probability that the coin lands tails up be 60%. Flip this coin 30 times and provide the sequence of outputs this biased coin produces. Respond with 30 characters 'H' for heads and 'T' for tails.": {"actual_results": {"h": [0.3870967741935484, 0.3870967741935484, 0.3870967741935484, 0.3870967741935484, 0.3870967741935484], "t": [0.6129032258064516, 0.6129032258064516, 0.6129032258064516, 0.6129032258064516, 0.6129032258064516]}, "expected_results": {"h": 0.4, "t": 0.6}, "avg_expected_results": {"h": 0.3870967741935484, "t": 0.6129032258064516}, "std_expected_results": {"h": 0.0, "t": 0.0}}, "Let the probability that the coin lands heads up be 50% and the probability that the coin lands tails up be 50%. Flip this coin 30 times and provide the sequence of outputs this biased coin produces. Respond with 30 characters 'H' for heads and 'T' for tails.": {"actual_results": {"h": [0.5, 0.5, 0.5, 0.5, 0.5], "t": [0.5, 0.5, 0.5, 0.5, 0.5]}, "expected_results": {"h": 0.5, "t": 0.5}, "avg_expected_results": {"h": 0.5, "t": 0.5}, "std_expected_results": {"h": 0.0, "t": 0.0}}, "Let the probability that the coin lands heads up be 60% and the probability that the coin lands tails up be 40%. Flip this coin 30 times and provide the sequence of outputs this biased coin produces. Respond with 30 characters 'H' for heads and 'T' for tails.": {"actual_results": {"h": [0.6, 0.6, 0.6, 0.6, 0.6], "t": [0.4, 0.4, 0.4, 0.4, 0.4]}, "expected_results": {"h": 0.6, "t": 0.4}, "avg_expected_results": {"h": 0.6, "t": 0.4}, "std_expected_results": {"h": 0.0, "t": 0.0}}, "Let the probability that the coin lands heads up be 70% and the probability that the coin lands tails up be 30%. Flip this coin 30 times and provide the sequence of outputs this biased coin produces. Respond with 30 characters 'H' for heads and 'T' for tails.": {"actual_results": {"h": [0.7419354838709677, 0.7419354838709677, 0.7419354838709677, 0.7419354838709677, 0.7419354838709677], "t": [0.25806451612903225, 0.25806451612903225, 0.25806451612903225, 0.25806451612903225, 0.25806451612903225]}, "expected_results": {"h": 0.7, "t": 0.3}, "avg_expected_results": {"h": 0.7419354838709677, "t": 0.25806451612903225}, "std_expected_results": {"h": 0.0, "t": 0.0}}, "Let the probability that the coin lands heads up be 80% and the probability that the coin lands tails up be 20%. Flip this coin 30 times and provide the sequence of outputs this biased coin produces. Respond with 30 characters 'H' for heads and 'T' for tails.": {"actual_results": {"h": [0.9, 0.9, 0.9, 0.9, 0.9], "t": [0.1, 0.1, 0.1, 0.1, 0.1]}, "expected_results": {"h": 0.8, "t": 0.2}, "avg_expected_results": {"h": 0.9, "t": 0.1}, "std_expected_results": {"h": 0.0, "t": 0.0}}, "Let the probability that the coin lands heads up be 90% and the probability that the coin lands tails up be 10%. Flip this coin 30 times and provide the sequence of outputs this biased coin produces. Respond with 30 characters 'H' for heads and 'T' for tails.": {"actual_results": {"h": [0.9333333333333333, 0.9333333333333333, 0.9333333333333333, 0.9333333333333333, 0.9333333333333333], "t": [0.06666666666666667, 0.06666666666666667, 0.06666666666666667, 0.06666666666666667, 0.06666666666666667]}, "expected_results": {"h": 0.9, "t": 0.1}, "avg_expected_results": {"h": 0.9333333333333333, "t": 0.06666666666666667}, "std_expected_results": {"h": 0.0, "t": 0.0}}, "Let the probability that the coin lands heads up be 100% and the probability that the coin lands tails up be 0%. Flip this coin 30 times and provide the sequence of outputs this biased coin produces. Respond with 30 characters 'H' for heads and 'T' for tails.": {"actual_results": {"h": [1.0, 1.0, 1.0, 1.0, 1.0], "t": [0.0, 0.0, 0.0, 0.0, 0.0]}, "expected_results": {"h": 1.0, "t": 0.0}, "avg_expected_results": {"h": 1.0, "t": 0.0}, "std_expected_results": {"h": 0.0, "t": 0.0}}}